1.505831e+02,3.383661e+02
1.515474e+02,3.352892e+02
1.525116e+02,3.340158e+02
1.534758e+02,3.336665e+02
1.544401e+02,3.341483e+02
1.554043e+02,3.362163e+02
1.563685e+02,3.361126e+02
1.573328e+02,3.327651e+02
1.582970e+02,3.279195e+02
1.592612e+02,3.229018e+02
1.602255e+02,3.179816e+02
1.611897e+02,3.138211e+02
1.621539e+02,3.118960e+02
1.631182e+02,3.118473e+02
1.640824e+02,3.127599e+02
1.650466e+02,3.125356e+02
1.660109e+02,3.113322e+02
1.669751e+02,3.085750e+02
1.679393e+02,3.034546e+02
1.689036e+02,2.958663e+02
1.698678e+02,2.898714e+02
1.708320e+02,2.854610e+02
1.717963e+02,2.824872e+02
1.727605e+02,2.816045e+02
1.737247e+02,2.833589e+02
1.746890e+02,2.844404e+02
1.756532e+02,2.823511e+02
1.766174e+02,2.801727e+02
1.775817e+02,2.799320e+02
1.785459e+02,2.831439e+02
1.795101e+02,2.880683e+02
1.804744e+02,2.925298e+02
1.814386e+02,2.966088e+02
1.824028e+02,3.003665e+02
1.833671e+02,3.038406e+02
1.843313e+02,3.068860e+02
1.852955e+02,3.090270e+02
1.862598e+02,3.096676e+02
1.872240e+02,3.093504e+02
1.881882e+02,3.101052e+02
1.891525e+02,3.126525e+02
1.901167e+02,3.166682e+02
1.910809e+02,3.233312e+02
1.920452e+02,3.320864e+02
1.930094e+02,3.393146e+02
1.939736e+02,3.399655e+02
1.949379e+02,3.403609e+02
1.959021e+02,3.431607e+02
1.968663e+02,3.495548e+02
1.978306e+02,3.581191e+02
1.987948e+02,3.670139e+02
1.997590e+02,3.754429e+02
2.007233e+02,3.823609e+02
2.016875e+02,3.870445e+02
2.026517e+02,3.897278e+02
2.036160e+02,3.950372e+02
2.045802e+02,4.034948e+02
2.055444e+02,4.124532e+02
2.065087e+02,4.187965e+02
2.074729e+02,4.194492e+02
2.084371e+02,4.214456e+02
2.094014e+02,4.264607e+02
2.103656e+02,4.333418e+02
2.113298e+02,4.401071e+02
2.122941e+02,4.440222e+02
2.132583e+02,4.504209e+02
2.142225e+02,4.621130e+02
2.151868e+02,4.772548e+02
2.161510e+02,4.922816e+02
2.171152e+02,5.010829e+02
2.180795e+02,5.079404e+02
2.190437e+02,5.191052e+02
2.200079e+02,5.356284e+02
2.209722e+02,5.554417e+02
2.219364e+02,5.666494e+02
2.229006e+02,5.671723e+02
2.238649e+02,5.672121e+02
2.248291e+02,5.705593e+02
2.257933e+02,5.781419e+02
2.267576e+02,5.839265e+02
2.277218e+02,5.862697e+02
2.286860e+02,5.873983e+02
2.296503e+02,5.872723e+02
2.306145e+02,5.855698e+02
2.315787e+02,5.879949e+02
2.325430e+02,6.004821e+02
2.335072e+02,6.161649e+02
2.344714e+02,6.302742e+02
2.354357e+02,6.389420e+02
2.363999e+02,6.414088e+02
2.373641e+02,6.393049e+02
2.383284e+02,6.340555e+02
2.392926e+02,6.285264e+02
2.402568e+02,6.262532e+02
2.412211e+02,6.293732e+02
2.421853e+02,6.267512e+02
2.431495e+02,6.173127e+02
2.441138e+02,6.031649e+02
2.450780e+02,5.880453e+02
2.460422e+02,5.724319e+02
2.470065e+02,5.546891e+02
2.479707e+02,5.336310e+02
2.489349e+02,5.101564e+02
2.498992e+02,4.862419e+02
2.508634e+02,4.635368e+02
2.518276e+02,4.410429e+02
2.527919e+02,4.183356e+02
2.537561e+02,3.958318e+02
2.547203e+02,3.739280e+02
2.556846e+02,3.530796e+02
2.566488e+02,3.327097e+02
2.576130e+02,3.133554e+02
2.585773e+02,2.951216e+02
2.595415e+02,2.781164e+02
2.605057e+02,2.620777e+02
2.614700e+02,2.481634e+02
2.624342e+02,2.349521e+02
2.633984e+02,2.213021e+02
2.643627e+02,2.066877e+02
2.653269e+02,1.945232e+02
2.662911e+02,1.875381e+02
2.672554e+02,1.814356e+02
2.682196e+02,1.739783e+02
2.691838e+02,1.640423e+02
2.701481e+02,1.534145e+02
2.711123e+02,1.430053e+02
2.720765e+02,1.338113e+02
2.730408e+02,1.277222e+02
2.740050e+02,1.262198e+02
2.749692e+02,1.285637e+02
2.759335e+02,1.256712e+02
2.768977e+02,1.175152e+02
2.778619e+02,1.077998e+02
2.788262e+02,1.004889e+02
2.797904e+02,9.699947e+01
2.807546e+02,9.378385e+01
2.817189e+02,9.086292e+01
2.826831e+02,8.802067e+01
2.836473e+02,8.505832e+01
2.846116e+02,8.188511e+01
2.855758e+02,7.841781e+01
2.865400e+02,7.443460e+01
2.875043e+02,7.046317e+01
2.884685e+02,6.711714e+01
2.894327e+02,6.507565e+01
2.903970e+02,6.393509e+01
2.913612e+02,6.292560e+01
2.923254e+02,6.193517e+01
2.932897e+02,6.093245e+01
2.942539e+02,5.995041e+01
2.952181e+02,5.926204e+01
2.961824e+02,5.814844e+01
2.971466e+02,5.649149e+01
2.981108e+02,5.429720e+01
2.990751e+02,5.165150e+01
3.000393e+02,4.713384e+01
3.010035e+02,4.371909e+01
3.019678e+02,4.218410e+01
3.029320e+02,4.213880e+01
3.038962e+02,4.223418e+01
3.048605e+02,4.163255e+01
3.058247e+02,4.089601e+01
3.067889e+02,4.016388e+01
3.077532e+02,3.954387e+01
3.087174e+02,3.911973e+01
3.096816e+02,3.908291e+01
3.106459e+02,3.911623e+01
3.116101e+02,3.897796e+01
3.125743e+02,3.869918e+01
3.135386e+02,3.836641e+01
3.145028e+02,3.778376e+01
3.154670e+02,3.741297e+01
3.164313e+02,3.616248e+01
3.173955e+02,3.264831e+01
3.183597e+02,2.685752e+01
3.193240e+02,2.338848e+01
3.202882e+02,2.653818e+01
3.212524e+02,2.974616e+01
3.222167e+02,3.007715e+01
3.231809e+02,2.685638e+01
3.241451e+02,2.294097e+01
3.251094e+02,2.178061e+01
3.260736e+02,2.198278e+01
3.270378e+02,2.316369e+01
3.280021e+02,2.499193e+01
3.289663e+02,2.718288e+01
3.299305e+02,2.685190e+01
3.308948e+02,2.417130e+01
3.318590e+02,2.175887e+01
3.328232e+02,2.136999e+01
3.337875e+02,2.366740e+01
3.347517e+02,2.447187e+01
3.357159e+02,2.332983e+01
3.366802e+02,2.148975e+01
3.376444e+02,1.895635e+01
3.386086e+02,1.558045e+01
3.395729e+02,1.362207e+01
3.405371e+02,1.546069e+01
3.415013e+02,1.833968e+01
3.424656e+02,2.054940e+01
3.434298e+02,2.108867e+01
3.443940e+02,2.038493e+01
3.453583e+02,1.955228e+01
3.463225e+02,1.873957e+01
3.472867e+02,1.815887e+01
3.482510e+02,1.798159e+01
3.492152e+02,1.830218e+01
3.501794e+02,1.818048e+01
3.511437e+02,1.675120e+01
3.521079e+02,1.583214e+01
3.530721e+02,1.700671e+01
3.540364e+02,2.119214e+01
3.550006e+02,2.352935e+01
3.559648e+02,2.256484e+01
3.569291e+02,2.054857e+01
3.578933e+02,1.861654e+01
3.588575e+02,1.728830e+01
3.598218e+02,1.675269e+01
3.607860e+02,1.721867e+01
3.617502e+02,1.797588e+01
3.627145e+02,1.852653e+01
3.636787e+02,1.855311e+01
3.646429e+02,1.811239e+01
3.656072e+02,1.715599e+01
3.665714e+02,1.571772e+01
3.675356e+02,1.438643e+01
3.684999e+02,1.352555e+01
3.694641e+02,1.304251e+01
3.704283e+02,1.294590e+01
3.713926e+02,1.411945e+01
3.723568e+02,1.503058e+01
3.733210e+02,1.437039e+01
3.742853e+02,1.146113e+01
3.752495e+02,9.594791e+00
3.762137e+02,1.096779e+01
3.771780e+02,1.316263e+01
3.781422e+02,1.461431e+01
3.791064e+02,1.445384e+01
3.800707e+02,1.324642e+01
3.810349e+02,1.207616e+01
3.819991e+02,1.097264e+01
3.829634e+02,9.958496e+00
3.839276e+02,9.031266e+00
3.848918e+02,8.143571e+00
3.858561e+02,7.627458e+00
3.868203e+02,7.591406e+00
3.877845e+02,7.802816e+00
3.887488e+02,8.420752e+00
3.897130e+02,9.720606e+00
3.906772e+02,9.625016e+00
3.916415e+02,6.710872e+00
3.926057e+02,3.542887e+00
3.935699e+02,1.476628e+00
3.945342e+02,1.049772e+00
3.954984e+02,1.349007e+00
3.964626e+02,1.207389e+00
3.974269e+02,9.592122e-01
3.983911e+02,1.040137e+00
3.993553e+02,1.668115e+00
4.003196e+02,2.695540e+00
4.012838e+02,3.242464e+00
4.022480e+02,3.484831e+00
4.032123e+02,3.728092e+00
4.041765e+02,4.196321e+00
4.051407e+02,4.922786e+00
4.061050e+02,4.982698e+00
4.070692e+02,4.053597e+00
4.080334e+02,2.937467e+00
4.089977e+02,1.660645e+00
4.099619e+02,2.819336e-01
4.109261e+02,-5.858236e-01
4.118904e+02,-1.569336e-01
4.128546e+02,5.523600e-01
4.138188e+02,1.115837e+00
4.147831e+02,1.424609e+00
4.157473e+02,1.708594e+00
4.167115e+02,2.867741e+00
4.176758e+02,4.243327e+00
4.186400e+02,4.140365e+00
4.196042e+02,1.890007e+00
4.205685e+02,-1.923047e+00
4.215327e+02,-3.484359e+00
4.224969e+02,-7.981282e-01
4.234612e+02,1.318034e+00
4.244254e+02,1.856429e+00
4.253896e+02,1.136800e+00
4.263539e+02,6.271647e-01
4.273181e+02,7.112305e-01
4.282823e+02,9.879557e-01
4.292466e+02,1.656429e+00
4.302108e+02,2.435156e+00
4.311750e+02,2.702783e+00
4.321393e+02,1.368050e+00
4.331035e+02,-2.168945e-01
4.340677e+02,-5.959961e-01
4.350320e+02,1.784994e-01
4.359962e+02,1.444873e+00
4.369604e+02,2.101383e+00
4.379247e+02,2.164193e+00
4.388889e+02,1.836133e+00
4.398531e+02,4.304687e-01
4.408174e+02,-1.237598e+00
4.417816e+02,-1.339355e+00
4.427458e+02,2.343961e+00
4.437101e+02,4.093718e+00
4.446743e+02,2.026335e+00
4.456385e+02,-1.560221e+00
4.466028e+02,-3.759440e+00
4.475670e+02,-2.536483e+00
4.485312e+02,-1.049723e+00
4.494955e+02,-2.297200e+00
4.504597e+02,-4.656787e+00
4.514240e+02,-5.730208e+00
4.523882e+02,-3.267082e+00
4.533524e+02,2.011377e+00
4.543167e+02,4.497689e+00
4.552809e+02,4.101546e+00
4.562451e+02,2.606787e+00
4.572094e+02,1.623600e+00
4.581736e+02,1.442562e+00
4.591378e+02,1.017008e+00
4.601021e+02,4.863281e-01
4.610663e+02,1.111979e-01
4.620305e+02,6.261393e-02
4.629948e+02,3.239746e-01
4.639590e+02,2.496908e-01
4.649232e+02,-1.662060e+00
4.658875e+02,-3.318262e+00
4.668517e+02,-2.584318e+00
4.678159e+02,1.042790e+00
4.687802e+02,5.403792e+00
4.697444e+02,4.676448e+00
4.707086e+02,1.175407e+00
4.716729e+02,-1.835213e+00
4.726371e+02,-3.069523e+00
4.736013e+02,-2.806388e+00
4.745656e+02,-2.695956e+00
4.755298e+02,-3.509123e+00
4.764940e+02,-3.337191e+00
4.774583e+02,-9.146321e-01
4.784225e+02,3.050504e+00
4.793867e+02,5.598747e+00
4.803510e+02,3.997461e+00
4.813152e+02,2.425537e+00
4.822794e+02,2.219222e+00
4.832437e+02,3.134945e+00
4.842079e+02,4.315202e+00
4.851721e+02,5.029655e+00
4.861364e+02,5.407259e+00
4.871006e+02,5.900212e+00
4.880648e+02,6.303923e+00
4.890291e+02,5.927995e+00
4.899933e+02,3.805501e+00
4.909575e+02,-6.897461e-01
4.919218e+02,-2.952384e+00
4.928860e+02,-1.835986e+00
4.938502e+02,3.718587e-01
4.948145e+02,1.438379e+00
4.957787e+02,1.019206e+00
4.967429e+02,2.341309e-01
4.977072e+02,-1.401091e+00
4.986714e+02,-2.876929e+00
4.996356e+02,-3.108472e+00
5.005999e+02,-1.616943e+00
5.015641e+02,-1.287923e-01
5.025283e+02,-1.517440e+00
5.034926e+02,-3.637557e+00
5.044568e+02,-4.162801e+00
5.054210e+02,-2.190584e+00
5.063853e+02,1.235319e+00
5.073495e+02,1.647412e+00
5.083137e+02,-9.937419e-01
5.092780e+02,-3.122314e+00
5.102422e+02,-3.582715e+00
5.112064e+02,-2.627279e+00
5.121707e+02,-1.787305e+00
5.131349e+02,-5.544026e-01
5.140991e+02,-2.274577e-01
5.150634e+02,-1.541097e+00
5.160276e+02,-3.774886e+00
5.169918e+02,-5.559766e+00
5.179561e+02,-6.153044e+00
5.189203e+02,-5.794824e+00
5.198845e+02,-4.165934e+00
5.208488e+02,-1.946753e+00
5.218130e+02,-3.532633e-01
5.227772e+02,-6.658773e-01
5.237415e+02,-2.488997e+00
5.247057e+02,-2.535881e+00
5.256699e+02,-7.637289e-01
5.266342e+02,1.215413e+00
5.275984e+02,1.869971e+00
5.285626e+02,6.764892e-01
5.295269e+02,-2.039876e-01
5.304911e+02,-8.991699e-01
5.314553e+02,-1.078402e+00
5.324196e+02,-3.485677e-01
5.333838e+02,1.310498e+00
5.343480e+02,2.916219e+00
5.353123e+02,3.801856e+00
5.362765e+02,4.457170e+00
5.372407e+02,5.020524e+00
5.382050e+02,5.510327e+00
5.391692e+02,5.839632e+00
5.401334e+02,5.737622e+00
5.410977e+02,5.459765e+00
5.420619e+02,6.232202e+00
5.430261e+02,8.472136e+00
5.439904e+02,1.132222e+01
5.449546e+02,1.285475e+01
5.459188e+02,1.232504e+01
5.468831e+02,1.135483e+01
5.478473e+02,9.420841e+00
5.488115e+02,7.286133e+00
5.497758e+02,5.710807e+00
5.507400e+02,4.824642e+00
5.517042e+02,4.853499e+00
5.526685e+02,6.558512e+00
5.536327e+02,8.641146e+00
5.545969e+02,9.940828e+00
5.555612e+02,9.856625e+00
5.565254e+02,8.899455e+00
5.574896e+02,8.205664e+00
5.584539e+02,7.654940e+00
5.594181e+02,6.913558e+00
5.603823e+02,5.714656e+00
5.613466e+02,4.238102e+00
5.623108e+02,3.922143e+00
5.632750e+02,6.217708e+00
5.642393e+02,8.123055e+00
5.652035e+02,9.364730e+00
5.661677e+02,9.974715e+00
5.671320e+02,1.003376e+01
5.680962e+02,9.425122e+00
5.690604e+02,8.189877e+00
5.700247e+02,5.784009e+00
5.709889e+02,3.020589e+00
5.719531e+02,1.005737e+00
5.729174e+02,6.376953e-01
5.738816e+02,1.373006e+00
5.748458e+02,1.422526e+00
5.758101e+02,1.020435e+00
5.767743e+02,1.207707e+00
5.777385e+02,2.903157e+00
5.787028e+02,6.243392e+00
5.796670e+02,7.361198e+00
5.806312e+02,4.534806e+00
5.815955e+02,1.947217e+00
5.825597e+02,9.880534e-01
5.835239e+02,1.372445e+00
5.844882e+02,1.452417e+00
5.854524e+02,3.206624e-01
5.864166e+02,-7.286459e-01
5.873809e+02,-1.337590e+00
5.883451e+02,-1.525977e+00
5.893093e+02,-1.438973e+00
5.902736e+02,-1.199984e+00
5.912378e+02,-6.996094e-01
5.922020e+02,3.916748e-01
5.931663e+02,1.913802e+00
5.941305e+02,3.043677e+00
5.950947e+02,2.940723e+00
5.960590e+02,1.319946e+00
5.970232e+02,1.098877e-01
5.979874e+02,-7.778239e-01
5.989517e+02,-1.141943e+00
5.999159e+02,-8.324870e-01
6.008801e+02,1.040934e-01
6.018444e+02,1.263444e+00
6.028086e+02,3.320622e+00
6.037728e+02,4.875391e+00
6.047371e+02,5.311930e+00
6.057013e+02,4.787549e+00
6.066655e+02,3.787215e+00
6.076298e+02,2.633333e+00
6.085940e+02,1.417643e+00
6.095582e+02,3.987549e-01
6.105225e+02,-3.950114e-01
6.114867e+02,-8.379720e-01
6.124509e+02,-7.564535e-01
6.134152e+02,3.826497e-02
6.143794e+02,2.377441e-01
6.153436e+02,-8.989013e-01
6.163079e+02,-1.666805e+00
6.172721e+02,-8.776855e-01
6.182363e+02,1.441211e+00
6.192006e+02,3.248991e+00
6.201648e+02,3.609269e+00
6.211290e+02,3.424528e+00
6.220933e+02,2.236198e+00
6.230575e+02,6.056722e-01
6.240217e+02,-9.916178e-02
6.249860e+02,2.018758e+00
6.259502e+02,5.430420e+00
6.269144e+02,6.149414e+00
6.278787e+02,4.366325e+00
6.288429e+02,1.591553e+00
6.298071e+02,-7.387288e-01
6.307714e+02,-2.825374e+00
6.317356e+02,-2.925407e+00
6.326998e+02,-1.950846e-01
6.336641e+02,2.571330e+00
6.346283e+02,4.179338e+00
6.355925e+02,4.601611e+00
6.365568e+02,4.520842e+00
6.375210e+02,3.629867e+00
6.384852e+02,2.922502e+00
6.394495e+02,2.747363e+00
6.404137e+02,3.043091e+00
6.413779e+02,3.664649e+00
6.423422e+02,4.618188e+00
6.433064e+02,5.829004e+00
6.442706e+02,6.475904e+00
6.452349e+02,6.500911e+00
6.461991e+02,6.549959e+00
6.471633e+02,7.307845e+00
6.481276e+02,8.983456e+00
6.490918e+02,1.006722e+01
6.500560e+02,1.085369e+01
6.510203e+02,1.097386e+01
6.519845e+02,9.826123e+00
6.529487e+02,7.695882e+00
6.539130e+02,5.989942e+00
6.548772e+02,5.445752e+00
6.558414e+02,5.632536e+00
6.568057e+02,6.559237e+00
6.577699e+02,7.955973e+00
6.587341e+02,9.517179e+00
6.596984e+02,1.099256e+01
6.606626e+02,1.217169e+01
6.616268e+02,1.258190e+01
6.625911e+02,1.238702e+01
6.635553e+02,1.185942e+01
6.645195e+02,1.096293e+01
6.654838e+02,9.618961e+00
6.664480e+02,8.931876e+00
6.674122e+02,9.663558e+00
6.683765e+02,9.969068e+00
6.693407e+02,9.475407e+00
6.703049e+02,8.487280e+00
6.712692e+02,7.561605e+00
6.722334e+02,6.800627e+00
6.731976e+02,6.299691e+00
6.741619e+02,5.934009e+00
6.751261e+02,5.730875e+00
6.760903e+02,5.839714e+00
6.770546e+02,6.372640e+00
6.780188e+02,7.225374e+00
6.789830e+02,8.122298e+00
6.799473e+02,9.145183e+00
6.809115e+02,9.318457e+00
6.818757e+02,7.568522e+00
6.828400e+02,4.580021e+00
6.838042e+02,3.627002e+00
6.847684e+02,6.988631e+00
6.857327e+02,9.310172e+00
6.866969e+02,9.752645e+00
6.876611e+02,9.164567e+00
6.886254e+02,8.496655e+00
6.895896e+02,8.105616e+00
6.905538e+02,7.429565e+00
6.915181e+02,5.247461e+00
6.924823e+02,2.845101e+00
6.934465e+02,1.804769e+00
6.944108e+02,2.662052e+00
6.953750e+02,4.614494e+00
6.963392e+02,5.537427e+00
6.973035e+02,5.017920e+00
6.982677e+02,4.808984e+00
6.992319e+02,5.282959e+00
7.001962e+02,6.010246e+00
7.011604e+02,6.374446e+00
7.021246e+02,6.278223e+00
7.030889e+02,6.248633e+00
7.040531e+02,6.124398e+00
7.050173e+02,6.068490e+00
7.059816e+02,6.456641e+00
7.069458e+02,7.265771e+00
7.079100e+02,7.770426e+00
7.088743e+02,6.615698e+00
7.098385e+02,5.165649e+00
7.108027e+02,5.330347e+00
7.117670e+02,6.999740e+00
7.127312e+02,8.701050e+00
7.136954e+02,8.532080e+00
7.146597e+02,5.993221e+00
7.156239e+02,4.910213e+00
7.165881e+02,6.253426e+00
7.175524e+02,7.731006e+00
7.185166e+02,7.905916e+00
7.194808e+02,6.788346e+00
7.204451e+02,5.884318e+00
7.214093e+02,5.664762e+00
7.223735e+02,5.986613e+00
7.233378e+02,7.476416e+00
7.243020e+02,9.487720e+00
7.252662e+02,1.089087e+01
7.262305e+02,1.074764e+01
7.271947e+02,9.325439e+00
7.281589e+02,7.027116e+00
7.291232e+02,4.366626e+00
7.300874e+02,3.124227e+00
7.310516e+02,4.540983e+00
7.320159e+02,8.175406e+00
7.329801e+02,1.045945e+01
7.339443e+02,1.042515e+01
7.349086e+02,9.796753e+00
7.358728e+02,8.304785e+00
7.368370e+02,6.444474e+00
7.378013e+02,4.819751e+00
7.387655e+02,3.556152e+00
7.397297e+02,2.910783e+00
7.406940e+02,2.957747e+00
7.416582e+02,3.418587e+00
7.426224e+02,4.417244e+00
7.435867e+02,5.847233e+00
7.445509e+02,7.089624e+00
7.455151e+02,6.691081e+00
7.464794e+02,4.893221e+00
7.474436e+02,5.163542e+00
7.484078e+02,8.361385e+00
7.493721e+02,1.214520e+01
7.503363e+02,1.352704e+01
7.513005e+02,1.169245e+01
7.522648e+02,1.064549e+01
7.532290e+02,1.090728e+01
7.541932e+02,1.165197e+01
7.551575e+02,1.274909e+01
7.561217e+02,1.396517e+01
7.570859e+02,1.483911e+01
7.580502e+02,1.501224e+01
7.590144e+02,1.476357e+01
7.599786e+02,1.416063e+01
7.609429e+02,1.341584e+01
7.619071e+02,1.306505e+01
7.628713e+02,1.353425e+01
7.638356e+02,1.469312e+01
7.647998e+02,1.493839e+01
7.657640e+02,1.388869e+01
7.667283e+02,1.300476e+01
7.676925e+02,1.285184e+01
7.686567e+02,1.311316e+01
7.696210e+02,1.288529e+01
7.705852e+02,1.143118e+01
7.715494e+02,1.070029e+01
7.725137e+02,1.205341e+01
7.734779e+02,1.379840e+01
7.744421e+02,1.433103e+01
7.754064e+02,1.320316e+01
7.763706e+02,1.166529e+01
7.773348e+02,1.158312e+01
7.782991e+02,1.219176e+01
7.792633e+02,1.201618e+01
7.802275e+02,1.085355e+01
7.811918e+02,9.452506e+00
7.821560e+02,8.957568e+00
7.831202e+02,9.942302e+00
7.840845e+02,9.828922e+00
7.850487e+02,7.599959e+00
7.860129e+02,5.761898e+00
7.869772e+02,5.790975e+00
7.879414e+02,7.264730e+00
7.889056e+02,8.057235e+00
7.898699e+02,6.524007e+00
7.908341e+02,5.133146e+00
7.917983e+02,5.609237e+00
7.927626e+02,7.191764e+00
7.937268e+02,8.791911e+00
7.946910e+02,9.677792e+00
7.956553e+02,9.838346e+00
7.966195e+02,8.924552e+00
7.975837e+02,6.968465e+00
7.985480e+02,6.407772e+00
7.995122e+02,9.018018e+00
8.004764e+02,1.273432e+01
8.014407e+02,1.301869e+01
8.024049e+02,7.468726e+00
8.033691e+02,4.008268e+00
8.043334e+02,4.892912e+00
8.052976e+02,6.779411e+00
8.062618e+02,7.588827e+00
8.072261e+02,7.071615e+00
8.081903e+02,6.502116e+00
8.091545e+02,7.169409e+00
8.101188e+02,8.266040e+00
8.110830e+02,8.371444e+00
8.120472e+02,7.712825e+00
8.130115e+02,7.527043e+00
8.139757e+02,9.008676e+00
8.149399e+02,1.217092e+01
8.159042e+02,1.405833e+01
8.168684e+02,1.360077e+01
8.178326e+02,1.323813e+01
8.187969e+02,1.358362e+01
8.197611e+02,1.420833e+01
8.207253e+02,1.437429e+01
8.216896e+02,1.393830e+01
8.226538e+02,1.310417e+01
8.236180e+02,1.084548e+01
8.245823e+02,9.085392e+00
8.255465e+02,1.032479e+01
8.265107e+02,1.458580e+01
8.274750e+02,1.888854e+01
8.284392e+02,1.873815e+01
8.294034e+02,1.407401e+01
8.303677e+02,1.065815e+01
8.313319e+02,8.852059e+00
8.322961e+02,7.999984e+00
8.332604e+02,7.544181e+00
8.342246e+02,7.464656e+00
8.351888e+02,7.855322e+00
8.361531e+02,9.353907e+00
8.371173e+02,1.037172e+01
8.380815e+02,1.013652e+01
8.390458e+02,9.316756e+00
8.400100e+02,8.948633e+00
8.409742e+02,9.542033e+00
8.419385e+02,1.073649e+01
8.429027e+02,1.273111e+01
8.438669e+02,1.480363e+01
8.448312e+02,1.567678e+01
8.457954e+02,1.497798e+01
8.467596e+02,1.351641e+01
8.477239e+02,1.287655e+01
8.486881e+02,1.353888e+01
8.496523e+02,1.346820e+01
8.506166e+02,1.215234e+01
8.515808e+02,1.083086e+01
8.525450e+02,1.006427e+01
8.535093e+02,9.850586e+00
8.544735e+02,1.016263e+01
8.554377e+02,1.177135e+01
8.564020e+02,1.304119e+01
8.573662e+02,1.291222e+01
8.583304e+02,1.196427e+01
8.592947e+02,1.107954e+01
8.602589e+02,1.076527e+01
8.612231e+02,1.076454e+01
8.621874e+02,1.029354e+01
8.631516e+02,9.457552e+00
8.641158e+02,9.366610e+00
8.650801e+02,1.041363e+01
8.660443e+02,1.178275e+01
8.670085e+02,1.234159e+01
8.679728e+02,1.187407e+01
8.689370e+02,1.179828e+01
8.699012e+02,1.292327e+01
8.708655e+02,1.382537e+01
8.718297e+02,1.376051e+01
8.727939e+02,1.289091e+01
8.737582e+02,1.174867e+01
8.747224e+02,1.052667e+01
8.756866e+02,9.625887e+00
8.766509e+02,9.971940e+00
8.776151e+02,1.099333e+01
8.785793e+02,1.137747e+01
8.795436e+02,1.053688e+01
8.805078e+02,9.143636e+00
8.814720e+02,8.955509e+00
8.824363e+02,1.068152e+01
8.834005e+02,1.220006e+01
8.843647e+02,1.417389e+01
8.853290e+02,1.525623e+01
8.862932e+02,1.417450e+01
8.872574e+02,1.116708e+01
8.882217e+02,8.368652e+00
8.891859e+02,6.314177e+00
8.901501e+02,5.317448e+00
8.911144e+02,6.247876e+00
8.920786e+02,8.138004e+00
8.930428e+02,9.449479e+00
8.940071e+02,9.253199e+00
8.949713e+02,7.974186e+00
8.959355e+02,6.796509e+00
8.968998e+02,5.596908e+00
8.978640e+02,4.559937e+00
8.988282e+02,3.971012e+00
8.997925e+02,3.531828e+00
9.007567e+02,2.681860e+00
9.017209e+02,1.259359e+00
9.026852e+02,6.960937e-01
9.036494e+02,2.642179e+00
9.046136e+02,4.210482e+00
9.055779e+02,3.824723e+00
9.065421e+02,2.166903e+00
9.075063e+02,8.720215e-01
9.084706e+02,9.941162e-01
9.094348e+02,1.652262e+00
9.103990e+02,2.230469e-01
9.113633e+02,-2.308602e+00
9.123275e+02,-2.879215e+00
9.132917e+02,-1.937093e-01
9.142560e+02,3.624439e+00
9.152202e+02,4.653060e+00
9.161844e+02,1.531209e+00
9.171487e+02,-1.055745e-01
9.181129e+02,7.083903e-01
9.190771e+02,1.818197e+00
9.200414e+02,2.250252e+00
9.210056e+02,2.096834e+00
9.219698e+02,2.041008e+00
9.229341e+02,2.594238e+00
9.238983e+02,3.306136e+00
9.248625e+02,3.284058e+00
9.258268e+02,2.939315e+00
9.267910e+02,3.246785e+00
9.277552e+02,4.461629e+00
9.287195e+02,5.547249e+00
9.296837e+02,4.455021e+00
9.306479e+02,5.922038e-02
9.316122e+02,-1.783838e+00
9.325764e+02,8.444499e-01
9.335406e+02,3.404289e+00
9.345049e+02,3.110433e+00
9.354691e+02,6.137451e-01
9.364333e+02,-1.048258e+00
9.373976e+02,-2.843018e-01
9.383618e+02,6.495280e-01
9.393260e+02,-2.446533e-01
9.402903e+02,-1.506494e+00
9.412545e+02,-1.155249e+00
9.422188e+02,1.239453e+00
9.431830e+02,4.083464e+00
9.441472e+02,4.812232e+00
9.451115e+02,3.288892e+00
9.460757e+02,2.581275e+00
9.470399e+02,2.986735e+00
9.480042e+02,3.425309e+00
9.489684e+02,3.057031e+00
9.499326e+02,2.064958e+00
9.508969e+02,1.680835e+00
9.518611e+02,2.868050e+00
9.528253e+02,3.745223e+00
9.537896e+02,2.942481e+00
9.547538e+02,1.832658e+00
9.557180e+02,1.976782e+00
9.566823e+02,3.567049e+00
9.576465e+02,5.173348e+00
9.586107e+02,4.971859e+00
9.595750e+02,3.479525e+00
9.605392e+02,3.485221e+00
9.615034e+02,5.117749e+00
9.624677e+02,6.533455e+00
9.634319e+02,6.299146e+00
9.643961e+02,4.839209e+00
9.653604e+02,4.472616e+00
9.663246e+02,5.573503e+00
9.672888e+02,6.823665e+00
9.682531e+02,8.516715e+00
9.692173e+02,9.970728e+00
9.701815e+02,1.060701e+01
9.711458e+02,1.050543e+01
9.721100e+02,1.037129e+01
9.730742e+02,1.081984e+01
9.740385e+02,1.128429e+01
9.750027e+02,1.066583e+01
9.759669e+02,9.251424e+00
9.769312e+02,7.993652e+00
9.778954e+02,7.298242e+00
9.788596e+02,7.274406e+00
9.798239e+02,8.487199e+00
9.807881e+02,1.243387e+01
9.817523e+02,1.452196e+01
9.827166e+02,1.403231e+01
9.836808e+02,1.286376e+01
9.846450e+02,1.148715e+01
9.856093e+02,1.029295e+01
9.865735e+02,1.037325e+01
9.875377e+02,1.288534e+01
9.885020e+02,1.564824e+01
9.894662e+02,1.621249e+01
9.904304e+02,1.547926e+01
9.913947e+02,1.469923e+01
9.923589e+02,1.440412e+01
9.933231e+02,1.460932e+01
9.942874e+02,1.533005e+01
9.952516e+02,1.669301e+01
9.962158e+02,1.820107e+01
9.971801e+02,1.984262e+01
9.981443e+02,2.138241e+01
9.991085e+02,2.244653e+01
1.000073e+03,2.341782e+01
1.001037e+03,2.510348e+01
1.002001e+03,2.777116e+01
1.002965e+03,3.103936e+01
1.003930e+03,3.415545e+01
1.004894e+03,3.806332e+01
1.005858e+03,4.417365e+01
1.006822e+03,5.227567e+01
1.007787e+03,6.061268e+01
1.008751e+03,6.730016e+01
1.009715e+03,7.244365e+01
1.010679e+03,7.816722e+01
1.011644e+03,8.468809e+01
1.012608e+03,9.127259e+01
1.013572e+03,9.942576e+01
1.014536e+03,1.067868e+02
1.015500e+03,1.093813e+02
1.016465e+03,1.062382e+02
1.017429e+03,1.024483e+02
1.018393e+03,1.010682e+02
1.019357e+03,9.916586e+01
1.020322e+03,9.495692e+01
1.021286e+03,8.909521e+01
1.022250e+03,8.309386e+01
1.023214e+03,7.785813e+01
1.024179e+03,7.283249e+01
1.025143e+03,6.661327e+01
1.026107e+03,5.892103e+01
1.027071e+03,5.212450e+01
1.028036e+03,4.611380e+01
1.029000e+03,4.116016e+01
1.029964e+03,3.796181e+01
1.030928e+03,3.636008e+01
1.031892e+03,3.428246e+01
1.032857e+03,3.064411e+01
1.033821e+03,2.730553e+01
1.034785e+03,2.520109e+01
1.035749e+03,2.355356e+01
1.036714e+03,2.149889e+01
1.037678e+03,1.893246e+01
1.038642e+03,1.653957e+01
1.039606e+03,1.517592e+01
1.040571e+03,1.462637e+01
1.041535e+03,1.298037e+01
1.042499e+03,9.805998e+00
1.043463e+03,7.480567e+00
1.044427e+03,7.690129e+00
1.045392e+03,9.426440e+00
1.046356e+03,1.031468e+01
1.047320e+03,1.002183e+01
1.048284e+03,9.592179e+00
1.049249e+03,9.587248e+00
1.050213e+03,9.160359e+00
1.051177e+03,7.193506e+00
1.052141e+03,4.545003e+00
1.053106e+03,3.169132e+00
1.054070e+03,4.255623e+00
1.055034e+03,6.580379e+00
1.055998e+03,7.456234e+00
1.056963e+03,7.019678e+00
1.057927e+03,6.836637e+00
1.058891e+03,7.200342e+00
1.059855e+03,7.718058e+00
1.060819e+03,7.907617e+00
1.061784e+03,7.734529e+00
1.062748e+03,7.834538e+00
1.063712e+03,8.888501e+00
1.064676e+03,9.423015e+00
1.065641e+03,8.658528e+00
1.066605e+03,7.615845e+00
1.067569e+03,7.283626e+00
1.068533e+03,7.712077e+00
1.069498e+03,8.054826e+00
1.070462e+03,7.475912e+00
1.071426e+03,6.384367e+00
1.072390e+03,6.335897e+00
1.073354e+03,7.250814e+00
1.074319e+03,7.432869e+00
1.075283e+03,5.650781e+00
1.076247e+03,3.111019e+00
1.077211e+03,2.288615e+00
1.078176e+03,3.780102e+00
1.079140e+03,4.625537e+00
1.080104e+03,3.520874e+00
1.081068e+03,2.476994e+00
1.082033e+03,2.085384e+00
1.082997e+03,2.214860e+00
1.083961e+03,2.720296e+00
1.084925e+03,3.511719e+00
1.085890e+03,4.269059e+00
1.086854e+03,4.429834e+00
1.087818e+03,4.140137e+00
1.088782e+03,4.509733e+00
1.089746e+03,5.813281e+00
1.090711e+03,6.817309e+00
1.091675e+03,6.046012e+00
1.092639e+03,4.134163e+00
1.093603e+03,4.128353e+00
1.094568e+03,7.355631e+00
1.095532e+03,9.456584e+00
1.096496e+03,8.771484e+00
1.097460e+03,7.845060e+00
1.098425e+03,8.481869e+00
1.099389e+03,1.007103e+01
1.100353e+03,1.057245e+01
1.101317e+03,8.724252e+00
1.102281e+03,6.121370e+00
1.103246e+03,6.445378e+00
1.104210e+03,9.202100e+00
1.105174e+03,1.035002e+01
1.106138e+03,8.659472e+00
1.107103e+03,6.751082e+00
1.108067e+03,7.269320e+00
1.109031e+03,9.885929e+00
1.109995e+03,1.149121e+01
1.110960e+03,1.154119e+01
1.111924e+03,1.156051e+01
1.112888e+03,1.163454e+01
1.113852e+03,1.193645e+01
1.114817e+03,1.296273e+01
1.115781e+03,1.431964e+01
1.116745e+03,1.480931e+01
1.117709e+03,1.350470e+01
1.118673e+03,1.106016e+01
1.119638e+03,9.203565e+00
1.120602e+03,7.952002e+00
1.121566e+03,7.021509e+00
1.122530e+03,6.327311e+00
1.123495e+03,5.836580e+00
1.124459e+03,5.489437e+00
1.125423e+03,5.317497e+00
1.126387e+03,5.726554e+00
1.127352e+03,7.626367e+00
1.128316e+03,8.621037e+00
1.129280e+03,7.543319e+00
1.130244e+03,5.675561e+00
1.131208e+03,3.745003e+00
1.132173e+03,2.238533e+00
1.133137e+03,1.888550e+00
1.134101e+03,3.427970e+00
1.135065e+03,6.120133e+00
1.136030e+03,6.912264e+00
1.136994e+03,5.766992e+00
1.137958e+03,5.182536e+00
1.138922e+03,6.056429e+00
1.139887e+03,7.289485e+00
1.140851e+03,7.723820e+00
1.141815e+03,7.413346e+00
1.142779e+03,7.163037e+00
1.143744e+03,7.000000e+00
1.144708e+03,7.352035e+00
1.145672e+03,8.609172e+00
1.146636e+03,1.013415e+01
1.147600e+03,1.135698e+01
1.148565e+03,1.212546e+01
1.149529e+03,1.262347e+01
1.150493e+03,1.307703e+01
1.151457e+03,1.349617e+01
1.152422e+03,1.351545e+01
1.153386e+03,1.280467e+01
1.154350e+03,1.300165e+01
1.155314e+03,1.525394e+01
1.156279e+03,1.748691e+01
1.157243e+03,1.754285e+01
1.158207e+03,1.575578e+01
1.159171e+03,1.481711e+01
1.160135e+03,1.614469e+01
1.161100e+03,1.734979e+01
1.162064e+03,1.644692e+01
1.163028e+03,1.488826e+01
1.163992e+03,1.432644e+01
1.164957e+03,1.493153e+01
1.165921e+03,1.561493e+01
1.166885e+03,1.530515e+01
1.167849e+03,1.419588e+01
1.168814e+03,1.376439e+01
1.169778e+03,1.474594e+01
1.170742e+03,1.526971e+01
1.171706e+03,1.524380e+01
1.172671e+03,1.479340e+01
1.173635e+03,1.348475e+01
1.174599e+03,1.167074e+01
1.175563e+03,1.084376e+01
1.176527e+03,1.189801e+01
1.177492e+03,1.323694e+01
1.178456e+03,1.320452e+01
1.179420e+03,1.272384e+01
1.180384e+03,1.288229e+01
1.181349e+03,1.367083e+01
1.182313e+03,1.425238e+01
1.183277e+03,1.393943e+01
1.184241e+03,1.301810e+01
1.185206e+03,1.267126e+01
1.186170e+03,1.356854e+01
1.187134e+03,1.381303e+01
1.188098e+03,1.272669e+01
1.189062e+03,1.173385e+01
1.190027e+03,1.185566e+01
1.190991e+03,1.247785e+01
1.191955e+03,1.231219e+01
1.192919e+03,1.096025e+01
1.193884e+03,9.359798e+00
1.194848e+03,7.684652e+00
1.195812e+03,6.736963e+00
1.196776e+03,8.579565e+00
1.197741e+03,1.283022e+01
1.198705e+03,1.609870e+01
1.199669e+03,1.625391e+01
1.200633e+03,1.449289e+01
1.201598e+03,1.368168e+01
1.202562e+03,1.420308e+01
1.203526e+03,1.417923e+01
1.204490e+03,1.304806e+01
1.205454e+03,1.215465e+01
1.206419e+03,1.190361e+01
1.207383e+03,1.186667e+01
1.208347e+03,1.151549e+01
1.209311e+03,1.085221e+01
1.210276e+03,1.045058e+01
1.211240e+03,1.081244e+01
1.212204e+03,1.168260e+01
1.213168e+03,1.245324e+01
1.214133e+03,1.306128e+01
1.215097e+03,1.321014e+01
1.216061e+03,1.264264e+01
1.217025e+03,1.213142e+01
1.217990e+03,1.247213e+01
1.218954e+03,1.357584e+01
1.219918e+03,1.483426e+01
1.220882e+03,1.659882e+01
1.221846e+03,1.753683e+01
1.222811e+03,1.702010e+01
1.223775e+03,1.595426e+01
1.224739e+03,1.447001e+01
1.225703e+03,1.313778e+01
1.226668e+03,1.333922e+01
1.227632e+03,1.591835e+01
1.228596e+03,1.934491e+01
1.229560e+03,2.006797e+01
1.230525e+03,1.746096e+01
1.231489e+03,1.537869e+01
1.232453e+03,1.368660e+01
1.233417e+03,1.262041e+01
1.234381e+03,1.253360e+01
1.235346e+03,1.304224e+01
1.236310e+03,1.343091e+01
1.237274e+03,1.359576e+01
1.238238e+03,1.407149e+01
1.239203e+03,1.555680e+01
1.240167e+03,1.687083e+01
1.241131e+03,1.671711e+01
1.242095e+03,1.585288e+01
1.243060e+03,1.578971e+01
1.244024e+03,1.700061e+01
1.244988e+03,1.854409e+01
1.245952e+03,1.917135e+01
1.246917e+03,1.888598e+01
1.247881e+03,1.890207e+01
1.248845e+03,2.032269e+01
1.249809e+03,2.057653e+01
1.250773e+03,1.807633e+01
1.251738e+03,1.544539e+01
1.252702e+03,1.491545e+01
1.253666e+03,1.604441e+01
1.254630e+03,1.692710e+01
1.255595e+03,1.671256e+01
1.256559e+03,1.607983e+01
1.257523e+03,1.547869e+01
1.258487e+03,1.514859e+01
1.259452e+03,1.591353e+01
1.260416e+03,1.785509e+01
1.261380e+03,1.983673e+01
1.262344e+03,2.137606e+01
1.263308e+03,2.234082e+01
1.264273e+03,2.242845e+01
1.265237e+03,2.158288e+01
1.266201e+03,2.016543e+01
1.267165e+03,1.690083e+01
1.268130e+03,1.490647e+01
1.269094e+03,1.619465e+01
1.270058e+03,1.849962e+01
1.271022e+03,1.945199e+01
1.271987e+03,1.867797e+01
1.272951e+03,1.720366e+01
1.273915e+03,1.584872e+01
1.274879e+03,1.497593e+01
1.275844e+03,1.572139e+01
1.276808e+03,1.847516e+01
1.277772e+03,2.036325e+01
1.278736e+03,2.125533e+01
1.279700e+03,2.162830e+01
1.280665e+03,2.145994e+01
1.281629e+03,2.101322e+01
1.282593e+03,2.086763e+01
1.283557e+03,2.111217e+01
1.284522e+03,2.106389e+01
1.285486e+03,1.973879e+01
1.286450e+03,1.879682e+01
1.287414e+03,2.032506e+01
1.288379e+03,2.322311e+01
1.289343e+03,2.495773e+01
1.290307e+03,2.463796e+01
1.291271e+03,2.366642e+01
1.292235e+03,2.386211e+01
1.293200e+03,2.514365e+01
1.294164e+03,2.548068e+01
1.295128e+03,2.426934e+01
1.296092e+03,2.336378e+01
1.297057e+03,2.261454e+01
1.298021e+03,2.228507e+01
1.298985e+03,2.265393e+01
1.299949e+03,2.352660e+01
1.300914e+03,2.471234e+01
1.301878e+03,2.613850e+01
1.302842e+03,2.738919e+01
1.303806e+03,2.767558e+01
1.304771e+03,2.746462e+01
1.305735e+03,2.916881e+01
1.306699e+03,3.285942e+01
1.307663e+03,3.520701e+01
1.308627e+03,3.467674e+01
1.309592e+03,3.281974e+01
1.310556e+03,3.083390e+01
1.311520e+03,2.891400e+01
1.312484e+03,2.838882e+01
1.313449e+03,3.000908e+01
1.314413e+03,3.160423e+01
1.315377e+03,3.211750e+01
1.316341e+03,3.217069e+01
1.317306e+03,3.211261e+01
1.318270e+03,3.203976e+01
1.319234e+03,3.192375e+01
1.320198e+03,3.171634e+01
1.321162e+03,3.153185e+01
1.322127e+03,3.170115e+01
1.323091e+03,3.236391e+01
1.324055e+03,3.251129e+01
1.325019e+03,3.136509e+01
1.325984e+03,3.073240e+01
1.326948e+03,3.092593e+01
1.327912e+03,3.151996e+01
1.328876e+03,3.228431e+01
1.329841e+03,3.318889e+01
1.330805e+03,3.444383e+01
1.331769e+03,3.610696e+01
1.332733e+03,3.702043e+01
1.333698e+03,3.561833e+01
1.334662e+03,3.301160e+01
1.335626e+03,3.184473e+01
1.336590e+03,3.205628e+01
1.337554e+03,3.347105e+01
1.338519e+03,3.643529e+01
1.339483e+03,4.006881e+01
1.340447e+03,4.361512e+01
1.341411e+03,4.694837e+01
1.342376e+03,4.852192e+01
1.343340e+03,4.721989e+01
1.344304e+03,4.599476e+01
1.345268e+03,4.647384e+01
1.346233e+03,4.756861e+01
1.347197e+03,4.862593e+01
1.348161e+03,4.933505e+01
1.349125e+03,4.914994e+01
1.350089e+03,4.799677e+01
1.351054e+03,4.719535e+01
1.352018e+03,4.889703e+01
1.352982e+03,5.315900e+01
1.353946e+03,5.523631e+01
1.354911e+03,5.281216e+01
1.355875e+03,5.107869e+01
1.356839e+03,5.061361e+01
1.357803e+03,5.027991e+01
1.358768e+03,4.925350e+01
1.359732e+03,4.799995e+01
1.360696e+03,4.757137e+01
1.361660e+03,4.819364e+01
1.362625e+03,4.870964e+01
1.363589e+03,4.793909e+01
1.364553e+03,4.665400e+01
1.365517e+03,4.751979e+01
1.366481e+03,5.015404e+01
1.367446e+03,5.008314e+01
1.368410e+03,4.473494e+01
1.369374e+03,3.885814e+01
1.370338e+03,3.680519e+01
1.371303e+03,3.773670e+01
1.372267e+03,3.910116e+01
1.373231e+03,4.113145e+01
1.374195e+03,4.203411e+01
1.375160e+03,3.951664e+01
1.376124e+03,3.717182e+01
1.377088e+03,3.788205e+01
1.378052e+03,3.982304e+01
1.379016e+03,3.985897e+01
1.379981e+03,3.750648e+01
1.380945e+03,3.515223e+01
1.381909e+03,3.497503e+01
1.382873e+03,3.638826e+01
1.383838e+03,3.723567e+01
1.384802e+03,3.782725e+01
1.385766e+03,3.724653e+01
1.386730e+03,3.405866e+01
1.387695e+03,3.159318e+01
1.388659e+03,3.107092e+01
1.389623e+03,3.161234e+01
1.390587e+03,3.261188e+01
1.391552e+03,3.366279e+01
1.392516e+03,3.418642e+01
1.393480e+03,3.387196e+01
1.394444e+03,3.278509e+01
1.395408e+03,3.060874e+01
1.396373e+03,2.771398e+01
1.397337e+03,2.733887e+01
1.398301e+03,3.019596e+01
1.399265e+03,3.281930e+01
1.400230e+03,3.371843e+01
1.401194e+03,3.380863e+01
1.402158e+03,3.447849e+01
1.403122e+03,3.557614e+01
1.404087e+03,3.528385e+01
1.405051e+03,3.258870e+01
1.406015e+03,3.040531e+01
1.406979e+03,3.115989e+01
1.407943e+03,3.313000e+01
1.408908e+03,3.503872e+01
1.409872e+03,3.667931e+01
1.410836e+03,3.768646e+01
1.411800e+03,3.793361e+01
1.412765e+03,3.773913e+01
1.413729e+03,3.734723e+01
1.414693e+03,3.671496e+01
1.415657e+03,3.600488e+01
1.416622e+03,3.524715e+01
1.417586e+03,3.451567e+01
1.418550e+03,3.347340e+01
1.419514e+03,3.317875e+01
1.420479e+03,3.446035e+01
1.421443e+03,3.610182e+01
1.422407e+03,3.675664e+01
1.423371e+03,3.630856e+01
1.424335e+03,3.540326e+01
1.425300e+03,3.453737e+01
1.426264e+03,3.406941e+01
1.427228e+03,3.477240e+01
1.428192e+03,3.681270e+01
1.429157e+03,3.863257e+01
1.430121e+03,4.052685e+01
1.431085e+03,4.175374e+01
1.432049e+03,4.163497e+01
1.433014e+03,4.130793e+01
1.433978e+03,4.158080e+01
1.434942e+03,4.258036e+01
1.435906e+03,4.452482e+01
1.436870e+03,4.744080e+01
1.437835e+03,4.989732e+01
1.438799e+03,5.043303e+01
1.439763e+03,4.972365e+01
1.440727e+03,4.943525e+01
1.441692e+03,4.946741e+01
1.442656e+03,4.988576e+01
1.443620e+03,5.078216e+01
1.444584e+03,5.194888e+01
1.445549e+03,5.319829e+01
1.446513e+03,5.474937e+01
1.447477e+03,5.738989e+01
1.448441e+03,6.121516e+01
1.449406e+03,6.367327e+01
1.450370e+03,6.339329e+01
1.451334e+03,6.183403e+01
1.452298e+03,5.956965e+01
1.453262e+03,5.732718e+01
1.454227e+03,5.648639e+01
1.455191e+03,5.691882e+01
1.456155e+03,5.662548e+01
1.457119e+03,5.417681e+01
1.458084e+03,5.118445e+01
1.459048e+03,5.049696e+01
1.460012e+03,5.216273e+01
1.460976e+03,5.427485e+01
1.461941e+03,5.752889e+01
1.462905e+03,5.959141e+01
1.463869e+03,5.926754e+01
1.464833e+03,5.830760e+01
1.465797e+03,5.718858e+01
1.466762e+03,5.639062e+01
1.467726e+03,5.694250e+01
1.468690e+03,5.865309e+01
1.469654e+03,5.940630e+01
1.470619e+03,5.730946e+01
1.471583e+03,5.366208e+01
1.472547e+03,5.227874e+01
1.473511e+03,5.364106e+01
1.474476e+03,5.503865e+01
1.475440e+03,5.835120e+01
1.476404e+03,5.909952e+01
1.477368e+03,5.365625e+01
1.478333e+03,4.793004e+01
1.479297e+03,4.712684e+01
1.480261e+03,4.992159e+01
1.481225e+03,5.244367e+01
1.482189e+03,5.315730e+01
1.483154e+03,5.271180e+01
1.484118e+03,5.166620e+01
1.485082e+03,5.019406e+01
1.486046e+03,4.872314e+01
1.487011e+03,4.712743e+01
1.487975e+03,4.600387e+01
1.488939e+03,4.558143e+01
1.489903e+03,4.532985e+01
1.490868e+03,4.498592e+01
1.491832e+03,4.482360e+01
1.492796e+03,4.549762e+01
1.493760e+03,4.676216e+01
1.494724e+03,4.716582e+01
1.495689e+03,4.603166e+01
1.496653e+03,4.456710e+01
1.497617e+03,4.392306e+01
1.498581e+03,4.373065e+01
1.499546e+03,4.277293e+01
1.500510e+03,4.129246e+01
1.501474e+03,4.184155e+01
1.502438e+03,4.636117e+01
1.503403e+03,5.060666e+01
1.504367e+03,5.064819e+01
1.505331e+03,4.795521e+01
1.506295e+03,4.577470e+01
1.507260e+03,4.439564e+01
1.508224e+03,4.392496e+01
1.509188e+03,4.474136e+01
1.510152e+03,4.601028e+01
1.511116e+03,4.710358e+01
1.512081e+03,4.805055e+01
1.513045e+03,4.874080e+01
1.514009e+03,4.922744e+01
1.514973e+03,5.009377e+01
1.515938e+03,5.176147e+01
1.516902e+03,5.338214e+01
1.517866e+03,5.367839e+01
1.518830e+03,5.304958e+01
1.519795e+03,5.360277e+01
1.520759e+03,5.571473e+01
1.521723e+03,5.639598e+01
1.522687e+03,5.354911e+01
1.523651e+03,5.115025e+01
1.524616e+03,5.183910e+01
1.525580e+03,5.334980e+01
1.526544e+03,5.334679e+01
1.527508e+03,5.197119e+01
1.528473e+03,5.052159e+01
1.529437e+03,4.964783e+01
1.530401e+03,4.929620e+01
1.531365e+03,4.939953e+01
1.532330e+03,4.984374e+01
1.533294e+03,5.018659e+01
1.534258e+03,5.041951e+01
1.535222e+03,5.037150e+01
1.536187e+03,5.007950e+01
1.537151e+03,4.970303e+01
1.538115e+03,4.903908e+01
1.539079e+03,4.849209e+01
1.540043e+03,4.879790e+01
1.541008e+03,4.950578e+01
1.541972e+03,4.908018e+01
1.542936e+03,4.697266e+01
1.543900e+03,4.489985e+01
1.544865e+03,4.507349e+01
1.545829e+03,4.712017e+01
1.546793e+03,4.851079e+01
1.547757e+03,4.863520e+01
1.548722e+03,4.969447e+01
1.549686e+03,5.248838e+01
1.550650e+03,5.501454e+01
1.551614e+03,5.699426e+01
1.552578e+03,5.806694e+01
1.553543e+03,5.750690e+01
1.554507e+03,5.595188e+01
1.555471e+03,5.475501e+01
1.556435e+03,5.452872e+01
1.557400e+03,5.507283e+01
1.558364e+03,5.615681e+01
1.559328e+03,5.759294e+01
1.560292e+03,5.870601e+01
1.561257e+03,5.932565e+01
1.562221e+03,5.978080e+01
1.563185e+03,5.957861e+01
1.564149e+03,5.991572e+01
1.565114e+03,6.176167e+01
1.566078e+03,6.391198e+01
1.567042e+03,6.536234e+01
1.568006e+03,6.620529e+01
1.568970e+03,6.678195e+01
1.569935e+03,6.725335e+01
1.570899e+03,6.798475e+01
1.571863e+03,6.935985e+01
1.572827e+03,7.085467e+01
1.573792e+03,7.108683e+01
1.574756e+03,6.983766e+01
1.575720e+03,7.032185e+01
1.576684e+03,7.371301e+01
1.577649e+03,7.661543e+01
1.578613e+03,7.849165e+01
1.579577e+03,7.959043e+01
1.580541e+03,7.975746e+01
1.581505e+03,7.957652e+01
1.582470e+03,8.015044e+01
1.583434e+03,8.143242e+01
1.584398e+03,8.203116e+01
1.585362e+03,8.111351e+01
1.586327e+03,7.935678e+01
1.587291e+03,7.756579e+01
1.588255e+03,7.570970e+01
1.589219e+03,7.429841e+01
1.590184e+03,7.328903e+01
1.591148e+03,7.254568e+01
1.592112e+03,7.300029e+01
1.593076e+03,7.291769e+01
1.594041e+03,7.089292e+01
1.595005e+03,6.778275e+01
1.595969e+03,6.443102e+01
1.596933e+03,6.124736e+01
1.597897e+03,5.922425e+01
1.598862e+03,5.887884e+01
1.599826e+03,5.914346e+01
1.600790e+03,5.885238e+01
1.601754e+03,5.834081e+01
1.602719e+03,5.888108e+01
1.603683e+03,6.060446e+01
1.604647e+03,6.034451e+01
1.605611e+03,5.588711e+01
1.606576e+03,5.216913e+01
1.607540e+03,5.139046e+01
1.608504e+03,5.229052e+01
1.609468e+03,5.405275e+01
1.610432e+03,5.600997e+01
1.611397e+03,5.688916e+01
1.612361e+03,5.646708e+01
1.613325e+03,5.608999e+01
1.614289e+03,5.682756e+01
1.615254e+03,5.770400e+01
1.616218e+03,5.675109e+01
1.617182e+03,5.395355e+01
1.618146e+03,5.201932e+01
1.619111e+03,5.154295e+01
1.620075e+03,5.098187e+01
1.621039e+03,4.937035e+01
1.622003e+03,4.793812e+01
1.622968e+03,4.816813e+01
1.623932e+03,4.889399e+01
1.624896e+03,4.781878e+01
1.625860e+03,4.499120e+01
1.626824e+03,4.264915e+01
1.627789e+03,4.186639e+01
1.628753e+03,4.189661e+01
1.629717e+03,4.207116e+01
1.630681e+03,4.221795e+01
1.631646e+03,4.149173e+01
1.632610e+03,3.967918e+01
1.633574e+03,3.845626e+01
1.634538e+03,3.786690e+01
1.635503e+03,3.807995e+01
1.636467e+03,4.002074e+01
1.637431e+03,4.190002e+01
1.638395e+03,4.185603e+01
1.639359e+03,4.039461e+01
1.640324e+03,3.885096e+01
1.641288e+03,3.766763e+01
1.642252e+03,3.696983e+01
1.643216e+03,3.686870e+01
1.644181e+03,3.669582e+01
1.645145e+03,3.524599e+01
1.646109e+03,3.262101e+01
1.647073e+03,3.129069e+01
1.648038e+03,3.215991e+01
1.649002e+03,3.213454e+01
1.649966e+03,2.985632e+01
1.650930e+03,2.757161e+01
1.651895e+03,2.670315e+01
1.652859e+03,2.648604e+01
1.653823e+03,2.578893e+01
1.654787e+03,2.465202e+01
1.655751e+03,2.388171e+01
1.656716e+03,2.377652e+01
1.657680e+03,2.362979e+01
1.658644e+03,2.263087e+01
1.659608e+03,2.154294e+01
1.660573e+03,2.276018e+01
1.661537e+03,2.694574e+01
1.662501e+03,2.895922e+01
1.663465e+03,2.840275e+01
1.664430e+03,2.688510e+01
1.665394e+03,2.327166e+01
1.666358e+03,2.014886e+01
1.667322e+03,1.956928e+01
1.668286e+03,2.039415e+01
1.669251e+03,2.116023e+01
1.670215e+03,2.144260e+01
1.671179e+03,2.101663e+01
1.672143e+03,1.977839e+01
1.673108e+03,1.843637e+01
1.674072e+03,1.795677e+01
1.675036e+03,1.821927e+01
1.676000e+03,1.840102e+01
1.676965e+03,1.851549e+01
1.677929e+03,1.858974e+01
1.678893e+03,1.822509e+01
1.679857e+03,1.814604e+01
1.680822e+03,1.905883e+01
1.681786e+03,1.987016e+01
1.682750e+03,1.972218e+01
1.683714e+03,1.901818e+01
1.684678e+03,1.837530e+01
1.685643e+03,1.796041e+01
1.686607e+03,1.767222e+01
1.687571e+03,1.741711e+01
1.688535e+03,1.717073e+01
1.689500e+03,1.695457e+01
1.690464e+03,1.680492e+01
1.691428e+03,1.688035e+01
1.692392e+03,1.758575e+01
1.693357e+03,1.744293e+01
1.694321e+03,1.551154e+01
1.695285e+03,1.377257e+01
1.696249e+03,1.240304e+01
1.697214e+03,1.173965e+01
1.698178e+03,1.251445e+01
1.699142e+03,1.389554e+01
1.700106e+03,1.448168e+01
1.701070e+03,1.409583e+01
1.702035e+03,1.359139e+01
1.702999e+03,1.346887e+01
1.703963e+03,1.368460e+01
1.704927e+03,1.453422e+01
1.705892e+03,1.583774e+01
1.706856e+03,1.552109e+01
1.707820e+03,1.312120e+01
1.708784e+03,1.170425e+01
1.709749e+03,1.211796e+01
1.710713e+03,1.282506e+01
1.711677e+03,1.298684e+01
1.712641e+03,1.326691e+01
1.713605e+03,1.500721e+01
1.714570e+03,1.707391e+01
1.715534e+03,1.658454e+01
1.716498e+03,1.326881e+01
1.717462e+03,1.076980e+01
1.718427e+03,1.151950e+01
1.719391e+03,1.346449e+01
1.720355e+03,1.406440e+01
1.721319e+03,1.375453e+01
1.722284e+03,1.384705e+01
1.723248e+03,1.429875e+01
1.724212e+03,1.456396e+01
1.725176e+03,1.465012e+01
1.726141e+03,1.438824e+01
1.727105e+03,1.351545e+01
1.728069e+03,1.246019e+01
1.729033e+03,1.153145e+01
1.729997e+03,1.077505e+01
1.730962e+03,1.065151e+01
1.731926e+03,1.136353e+01
1.732890e+03,1.166344e+01
1.733854e+03,1.062095e+01
1.734819e+03,9.429362e+00
1.735783e+03,9.175374e+00
1.736747e+03,9.236450e+00
1.737711e+03,8.317928e+00
1.738676e+03,6.751921e+00
1.739640e+03,6.531738e+00
1.740604e+03,8.167953e+00
1.741568e+03,9.236052e+00
1.742532e+03,7.865763e+00
1.743497e+03,5.751522e+00
1.744461e+03,5.854753e+00
1.745425e+03,7.849748e+00
1.746389e+03,7.589478e+00
1.747354e+03,3.833781e+00
1.748318e+03,1.505729e+00
1.749282e+03,1.917879e+00
1.750246e+03,2.524569e+00
1.751211e+03,2.424780e+00
1.752175e+03,2.090690e+00
1.753139e+03,1.857593e+00
1.754103e+03,1.809196e+00
1.755068e+03,2.127979e+00
1.756032e+03,2.699300e+00
1.756996e+03,2.900602e+00
1.757960e+03,2.335059e+00
1.758924e+03,1.475008e+00
1.759889e+03,1.059229e+00
1.760853e+03,9.815999e-01
1.761817e+03,4.168457e-01
1.762781e+03,-1.020760e+00
1.763746e+03,-1.603003e+00
1.764710e+03,-5.654948e-01
1.765674e+03,2.578125e-01
1.766638e+03,1.196696e-01
1.767603e+03,-9.530436e-02
1.768567e+03,4.073080e-01
1.769531e+03,1.116227e+00
1.770495e+03,1.057113e+00
1.771459e+03,4.143066e-01
1.772424e+03,4.878499e-01
1.773388e+03,1.815413e+00
1.774352e+03,2.917073e+00
1.775316e+03,2.155257e+00
1.776281e+03,3.231771e-01
1.777245e+03,-8.163737e-01
1.778209e+03,-1.257088e+00
1.779173e+03,-1.640340e+00
1.780138e+03,-2.102173e+00
1.781102e+03,-2.267367e+00
1.782066e+03,-1.876937e+00
1.783030e+03,-1.478231e+00
1.783995e+03,-1.612598e+00
1.784959e+03,-1.924772e+00
1.785923e+03,-1.835392e+00
1.786887e+03,-1.385645e+00
1.787851e+03,-7.859945e-01
1.788816e+03,9.615885e-02
1.789780e+03,5.140951e-01
1.790744e+03,-1.785319e-01
1.791708e+03,-1.091618e+00
1.792673e+03,-1.733179e+00
1.793637e+03,-1.986019e+00
1.794601e+03,-1.350798e+00
1.795565e+03,-2.148682e-01
1.796530e+03,1.243734e-01
1.797494e+03,-7.047201e-01
1.798458e+03,-2.211222e+00
1.799422e+03,-4.136304e+00
1.800386e+03,-5.673511e+00
1.801351e+03,-5.233472e+00
1.802315e+03,-3.020272e+00
1.803279e+03,-2.310791e+00
1.804243e+03,-4.736727e+00
1.805208e+03,-5.254142e+00
1.806172e+03,-1.717928e+00
1.807136e+03,6.333008e-01
1.808100e+03,-3.852702e-01
1.809065e+03,-2.095117e+00
1.810029e+03,-3.218286e+00
1.810993e+03,-3.469051e+00
1.811957e+03,-2.173267e+00
1.812922e+03,1.917643e-01
1.813886e+03,1.797290e+00
1.814850e+03,1.776961e+00
1.815814e+03,1.141024e+00
1.816778e+03,1.005168e+00
1.817743e+03,1.030689e+00
1.818707e+03,-2.132162e-02
1.819671e+03,-1.970190e+00
1.820635e+03,-2.327352e+00
1.821600e+03,-6.648275e-01
1.822564e+03,5.722168e-01
1.823528e+03,6.119303e-01
1.824492e+03,1.952311e-01
1.825457e+03,-3.581950e-01
1.826421e+03,-9.593913e-01
1.827385e+03,-1.515649e+00
1.828349e+03,-1.985620e+00
1.829313e+03,-2.112118e+00
1.830278e+03,-1.755713e+00
1.831242e+03,-1.778353e+00
1.832206e+03,-3.033903e+00
1.833170e+03,-3.959066e+00
1.834135e+03,-3.310807e+00
1.835099e+03,-2.236865e+00
1.836063e+03,-1.806144e+00
1.837027e+03,-2.003898e+00
1.837992e+03,-2.889534e+00
1.838956e+03,-4.182601e+00
1.839920e+03,-4.643343e+00
1.840884e+03,-3.664526e+00
1.841849e+03,-2.293807e+00
1.842813e+03,-1.714486e+00
1.843777e+03,-1.798714e+00
1.844741e+03,-2.342814e+00
1.845705e+03,-3.655005e+00
1.846670e+03,-3.554842e+00
1.847634e+03,-6.428548e-01
1.848598e+03,8.267090e-01
1.849562e+03,-1.453483e+00
1.850527e+03,-3.312280e+00
1.851491e+03,-2.573608e+00
1.852455e+03,-1.189990e+00
1.853419e+03,-9.833171e-01
1.854384e+03,-1.680672e+00
1.855348e+03,-2.454256e+00
1.856312e+03,-3.086898e+00
1.857276e+03,-3.413900e+00
1.858240e+03,-3.243921e+00
1.859205e+03,-3.006299e+00
1.860169e+03,-3.172892e+00
1.861133e+03,-3.484570e+00
1.862097e+03,-3.426685e+00
1.863062e+03,-3.169727e+00
1.864026e+03,-3.560091e+00
1.864990e+03,-4.587118e+00
1.865954e+03,-4.603922e+00
1.866919e+03,-2.831730e+00
1.867883e+03,-9.223145e-01
1.868847e+03,-4.417318e-01
1.869811e+03,-8.291992e-01
1.870776e+03,-7.669922e-01
1.871740e+03,-1.480957e-01
1.872704e+03,1.230225e-01
1.873668e+03,-5.924805e-01
1.874632e+03,-9.483887e-01
1.875597e+03,-2.364014e-01
1.876561e+03,-2.192383e-02
1.877525e+03,-1.617985e+00
1.878489e+03,-2.980802e+00
1.879454e+03,-1.908919e+00
1.880418e+03,3.694661e-02
1.881382e+03,4.276530e-02
1.882346e+03,-1.708765e+00
1.883311e+03,-2.536108e+00
1.884275e+03,-1.331966e+00
1.885239e+03,3.669434e-02
1.886203e+03,-1.673014e-01
1.887167e+03,-9.437988e-01
1.888132e+03,-2.275065e-01
1.889096e+03,1.302148e+00
1.890060e+03,7.051269e-01
1.891024e+03,-2.056559e+00
1.891989e+03,-3.742586e+00
1.892953e+03,-3.401025e+00
1.893917e+03,-2.433130e+00
1.894881e+03,-1.572599e+00
1.895846e+03,-9.382894e-01
1.896810e+03,-7.412272e-01
1.897774e+03,-8.256429e-01
1.898738e+03,-5.716715e-01
1.899703e+03,2.248454e-01
1.900667e+03,3.406169e-01
1.901631e+03,-7.400309e-01
1.902595e+03,-1.812996e+00
1.903559e+03,-2.969922e+00
1.904524e+03,-3.592196e+00
1.905488e+03,-3.162362e+00
1.906452e+03,-2.259359e+00
1.907416e+03,-1.172176e+00
1.908381e+03,-3.145427e-01
1.909345e+03,-3.312826e-01
1.910309e+03,-1.203540e+00
1.911273e+03,-2.300317e+00
1.912238e+03,-3.357406e+00
1.913202e+03,-3.832397e+00
1.914166e+03,-2.820915e+00
1.915130e+03,-1.012166e+00
1.916094e+03,5.423747e-01
1.917059e+03,1.706812e+00
1.918023e+03,1.423503e+00
1.918987e+03,-3.268310e-01
1.919951e+03,-1.636410e+00
1.920916e+03,-1.872355e+00
1.921880e+03,-1.606095e+00
1.922844e+03,-1.124398e+00
1.923808e+03,-7.819743e-01
1.924773e+03,-1.321281e+00
1.925737e+03,-2.468009e+00
1.926701e+03,-2.163647e+00
1.927665e+03,5.323486e-01
1.928630e+03,1.945622e+00
1.929594e+03,1.204590e+00
1.930558e+03,3.771484e-01
1.931522e+03,-3.806152e-01
1.932486e+03,-8.383626e-01
1.933451e+03,-6.531006e-01
1.934415e+03,-2.787109e-01
1.935379e+03,-2.773031e-01
1.936343e+03,-5.365967e-01
1.937308e+03,-4.498372e-01
1.938272e+03,3.474121e-02
1.939236e+03,-5.368652e-02
1.940200e+03,-1.414811e+00
1.941165e+03,-2.927213e+00
1.942129e+03,-3.636426e+00
1.943093e+03,-3.763078e+00
1.944057e+03,-3.521785e+00
1.945021e+03,-2.977531e+00
1.945986e+03,-2.131413e+00
1.946950e+03,-1.107414e+00
1.947914e+03,-5.692546e-01
1.948878e+03,-7.127767e-01
1.949843e+03,-7.720052e-01
1.950807e+03,-1.673991e-01
1.951771e+03,8.351888e-01
1.952735e+03,1.917554e+00
1.953700e+03,2.850822e+00
1.954664e+03,2.183114e+00
1.955628e+03,-7.871175e-01
1.956592e+03,-2.141121e+00
1.957557e+03,-1.033423e+00
1.958521e+03,-1.932210e-01
1.959485e+03,-3.170247e-01
1.960449e+03,-5.868652e-01
1.961413e+03,-8.273275e-01
1.962378e+03,-8.256673e-01
1.963342e+03,-1.518717e-01
1.964306e+03,8.109049e-01
1.965270e+03,1.262549e+00
1.966235e+03,1.139030e+00
1.967199e+03,7.013347e-01
1.968163e+03,-3.625732e-01
1.969127e+03,-8.612468e-01
1.970092e+03,3.814453e-01
1.971056e+03,1.642065e+00
1.972020e+03,1.306372e+00
1.972984e+03,5.669433e-01
1.973948e+03,1.157837e+00
1.974913e+03,2.542570e+00
1.975877e+03,3.021696e+00
1.976841e+03,2.464339e+00
1.977805e+03,2.365983e+00
1.978770e+03,3.476961e+00
1.979734e+03,4.627515e+00
1.980698e+03,4.542969e+00
1.981662e+03,3.668034e+00
1.982627e+03,2.990446e+00
1.983591e+03,2.400383e+00
1.984555e+03,1.039608e+00
1.985519e+03,-1.045784e+00
1.986484e+03,-1.794279e+00
1.987448e+03,-6.661947e-01
1.988412e+03,2.021159e-01
1.989376e+03,-3.759359e-01
1.990340e+03,-6.900390e-01
1.991305e+03,1.234147e+00
1.992269e+03,3.984367e+00
1.993233e+03,4.240674e+00
1.994197e+03,1.961987e+00
1.995162e+03,5.293457e-01
1.996126e+03,2.653483e-01
1.997090e+03,4.643067e-01
1.998054e+03,1.447445e+00
1.999019e+03,2.289836e+00
1.999983e+03,2.764860e+00
2.000947e+03,2.980306e+00
2.001911e+03,3.002409e+00
2.002875e+03,2.995028e+00
2.003840e+03,3.201872e+00
2.004804e+03,3.393726e+00
2.005768e+03,2.807039e+00
2.006732e+03,1.338354e+00
2.007697e+03,5.560954e-01
2.008661e+03,1.459546e+00
2.009625e+03,2.407088e+00
2.010589e+03,2.555086e+00
2.011554e+03,2.169312e+00
2.012518e+03,1.047371e+00
2.013482e+03,-1.073812e-01
2.014446e+03,-4.170003e-01
2.015411e+03,6.687012e-02
2.016375e+03,1.247697e+00
2.017339e+03,2.863794e+00
2.018303e+03,4.182072e+00
2.019267e+03,4.749170e+00
2.020232e+03,4.461035e+00
2.021196e+03,2.950545e+00
2.022160e+03,1.118384e+00
2.023124e+03,1.236165e+00
2.024089e+03,2.750749e+00
2.025053e+03,2.608846e+00
2.026017e+03,8.893961e-01
2.026981e+03,3.296712e-01
2.027946e+03,1.442806e+00
2.028910e+03,2.736173e+00
2.029874e+03,3.615462e+00
2.030838e+03,4.006876e+00
2.031802e+03,3.757519e+00
2.032767e+03,3.258984e+00
2.033731e+03,3.329053e+00
2.034695e+03,3.931559e+00
2.035659e+03,4.082992e+00
2.036624e+03,3.528190e+00
2.037588e+03,3.013094e+00
2.038552e+03,2.545874e+00
2.039516e+03,2.278646e+00
2.040481e+03,2.569019e+00
2.041445e+03,2.771175e+00
2.042409e+03,2.030737e+00
2.043373e+03,1.196932e+00
2.044338e+03,1.368522e+00
2.045302e+03,2.178654e+00
2.046266e+03,2.788452e+00
2.047230e+03,3.177710e+00
2.048194e+03,3.186499e+00
2.049159e+03,2.620703e+00
2.050123e+03,1.998568e+00
2.051087e+03,1.122005e+00
2.052051e+03,5.341309e-01
2.053016e+03,5.623454e-01
2.053980e+03,9.432291e-01
2.054944e+03,1.646712e+00
2.055908e+03,2.446029e+00
2.056873e+03,3.039038e+00
2.057837e+03,3.434326e+00
2.058801e+03,3.886662e+00
2.059765e+03,4.444018e+00
2.060729e+03,4.735311e+00
2.061694e+03,4.533602e+00
2.062658e+03,4.110254e+00
2.063622e+03,3.748722e+00
2.064586e+03,3.190829e+00
2.065551e+03,1.780241e+00
2.066515e+03,2.167887e-01
2.067479e+03,-4.857178e-01
2.068443e+03,-1.781331e-01
2.069408e+03,1.608423e+00
2.070372e+03,4.396240e+00
2.071336e+03,5.889380e+00
2.072300e+03,5.011019e+00
2.073265e+03,3.421598e+00
2.074229e+03,2.681974e+00
2.075193e+03,2.452507e+00
2.076157e+03,2.301953e+00
2.077122e+03,2.079899e+00
2.078086e+03,8.753255e-01
2.079050e+03,-9.995768e-01
2.080014e+03,-1.207389e+00
2.080979e+03,4.893066e-01
2.081943e+03,2.210490e+00
2.082907e+03,3.263550e+00
2.083871e+03,3.755371e+00
2.084835e+03,3.735254e+00
2.085800e+03,3.438053e+00
2.086764e+03,3.174577e+00
2.087728e+03,3.045003e+00
2.088692e+03,3.505241e+00
2.089656e+03,4.612183e+00
2.090621e+03,4.844751e+00
2.091585e+03,3.993441e+00
2.092549e+03,3.783431e+00
2.093513e+03,4.716203e+00
2.094478e+03,5.211190e+00
2.095442e+03,4.335791e+00
2.096406e+03,3.557194e+00
2.097370e+03,4.307951e+00
2.098334e+03,5.688159e+00
2.099299e+03,6.133773e+00
2.100263e+03,5.638916e+00
2.101227e+03,4.464095e+00
2.102191e+03,2.034855e+00
2.103156e+03,1.025456e+00
2.104120e+03,2.313070e+00
2.105084e+03,3.508366e+00
2.106048e+03,4.226554e+00
2.107013e+03,4.852035e+00
2.107977e+03,6.114884e+00
2.108941e+03,6.755517e+00
2.109905e+03,5.128019e+00
2.110870e+03,2.631543e+00
2.111834e+03,1.562557e+00
2.112798e+03,1.831234e+00
2.113762e+03,2.207275e+00
2.114727e+03,2.444214e+00
2.115691e+03,3.141276e+00
2.116655e+03,5.412345e+00
2.117619e+03,6.766252e+00
2.118583e+03,5.397868e+00
2.119548e+03,4.246810e+00
2.120512e+03,5.568075e+00
2.121476e+03,7.306519e+00
2.122440e+03,7.330575e+00
2.123405e+03,6.259188e+00
2.124369e+03,5.543473e+00
2.125333e+03,5.363737e+00
2.126297e+03,5.086418e+00
2.127262e+03,4.506535e+00
2.128226e+03,3.836328e+00
2.129190e+03,2.521688e+00
2.130154e+03,1.804126e+00
2.131119e+03,3.230778e+00
2.132083e+03,4.696989e+00
2.133047e+03,4.513452e+00
2.134011e+03,3.440226e+00
2.134976e+03,1.778784e+00
2.135940e+03,3.290527e-01
2.136904e+03,7.090576e-01
2.137868e+03,2.763306e+00
2.138833e+03,4.503719e+00
2.139797e+03,5.201334e+00
2.140761e+03,5.176270e+00
2.141725e+03,4.214787e+00
2.142689e+03,3.104736e+00
2.143654e+03,2.233504e+00
2.144618e+03,1.793579e+00
2.145582e+03,2.236084e+00
2.146546e+03,3.144198e+00
2.147510e+03,3.901286e+00
2.148475e+03,4.432292e+00
2.149439e+03,4.883130e+00
2.150403e+03,5.303776e+00
2.151367e+03,5.694840e+00
2.152332e+03,6.086279e+00
2.153296e+03,6.451970e+00
2.154260e+03,6.878174e+00
2.155224e+03,6.894954e+00
2.156188e+03,5.413493e+00
2.157153e+03,3.680208e+00
2.158117e+03,4.022640e+00
2.159081e+03,5.305143e+00
2.160045e+03,4.628491e+00
2.161010e+03,2.577067e+00
2.161974e+03,2.097502e+00
2.162938e+03,3.610840e+00
2.163902e+03,5.154109e+00
2.164867e+03,5.741659e+00
2.165831e+03,5.631209e+00
2.166795e+03,4.916308e+00
2.167759e+03,3.936825e+00
2.168724e+03,2.476538e+00
2.169688e+03,1.420882e+00
2.170652e+03,3.380379e+00
2.171616e+03,6.834090e+00
2.172581e+03,8.047006e+00
2.173545e+03,7.098861e+00
2.174509e+03,5.734562e+00
2.175473e+03,4.525505e+00
2.176438e+03,3.480094e+00
2.177402e+03,2.645915e+00
2.178366e+03,2.161678e+00
2.179330e+03,2.104777e+00
2.180294e+03,2.533626e+00
2.181259e+03,4.018001e+00
2.182223e+03,5.898991e+00
2.183187e+03,6.697404e+00
2.184151e+03,6.629476e+00
2.185116e+03,6.025773e+00
2.186080e+03,5.089648e+00
2.187044e+03,4.596427e+00
2.188008e+03,4.679899e+00
2.188973e+03,4.775822e+00
2.189937e+03,4.621900e+00
2.190901e+03,4.428475e+00
2.191865e+03,4.329785e+00
2.192830e+03,4.432642e+00
2.193794e+03,5.160881e+00
2.194758e+03,6.055802e+00
2.195722e+03,5.960262e+00
2.196687e+03,5.230664e+00
2.197651e+03,4.627124e+00
2.198615e+03,4.315324e+00
2.199579e+03,4.802759e+00
2.200543e+03,5.979818e+00
2.201507e+03,6.870288e+00
2.202472e+03,7.098787e+00
2.203436e+03,7.102213e+00
2.204400e+03,7.201522e+00
2.205364e+03,6.950130e+00
2.206329e+03,5.424455e+00
2.207293e+03,3.593734e+00
2.208257e+03,3.840096e+00
2.209221e+03,5.337988e+00
2.210186e+03,5.819116e+00
2.211150e+03,5.368115e+00
2.212114e+03,4.524577e+00
2.213078e+03,3.627018e+00
2.214042e+03,3.984855e+00
2.215007e+03,5.784180e+00
2.215971e+03,6.737199e+00
2.216935e+03,5.367009e+00
2.217899e+03,3.712012e+00
2.218864e+03,4.110254e+00
2.219828e+03,5.431543e+00
2.220792e+03,5.782674e+00
2.221756e+03,5.595093e+00
2.222721e+03,5.909228e+00
2.223685e+03,6.477157e+00
2.224649e+03,6.479476e+00
2.225613e+03,5.994124e+00
2.226578e+03,5.503312e+00
2.227542e+03,5.232682e+00
2.228506e+03,5.795768e+00
2.229470e+03,7.393400e+00
2.230435e+03,8.186540e+00
2.231399e+03,6.267293e+00
2.232363e+03,3.653320e+00
2.233327e+03,3.267025e+00
2.234292e+03,3.930566e+00
2.235256e+03,3.458512e+00
2.236220e+03,2.481152e+00
2.237184e+03,2.513021e+00
2.238148e+03,3.253141e+00
2.239113e+03,3.222339e+00
2.240077e+03,2.599333e+00
2.241041e+03,3.624259e+00
2.242005e+03,6.776847e+00
2.242970e+03,8.781185e+00
2.243934e+03,7.248023e+00
2.244898e+03,5.233374e+00
2.245862e+03,6.374316e+00
2.246827e+03,8.260986e+00
2.247791e+03,7.782397e+00
2.248755e+03,6.206283e+00
2.249719e+03,5.018945e+00
2.250684e+03,4.543644e+00
2.251647e+03,5.535563e+00
2.252612e+03,7.357845e+00
2.253576e+03,8.108960e+00
2.254541e+03,7.347282e+00
2.255504e+03,6.050928e+00
2.256469e+03,4.690470e+00
2.257433e+03,3.802734e+00
2.258397e+03,4.047689e+00
2.259361e+03,4.559668e+00
2.260326e+03,4.341008e+00
2.261290e+03,4.166081e+00
2.262254e+03,5.046631e+00
2.263218e+03,6.368360e+00
2.264183e+03,7.768775e+00
2.265147e+03,8.691243e+00
2.266111e+03,7.800635e+00
2.267075e+03,5.549593e+00
2.268040e+03,4.255257e+00
2.269004e+03,4.611084e+00
2.269968e+03,5.320549e+00
2.270932e+03,5.843490e+00
2.271896e+03,6.513525e+00
2.272861e+03,7.938533e+00
2.273825e+03,8.911646e+00
2.274789e+03,8.353052e+00
2.275753e+03,7.492684e+00
2.276718e+03,7.165340e+00
2.277682e+03,7.275789e+00
2.278646e+03,8.127384e+00
2.279610e+03,9.058789e+00
2.280575e+03,8.240283e+00
2.281539e+03,5.722876e+00
2.282503e+03,4.453914e+00
2.283467e+03,5.411719e+00
2.284432e+03,6.207129e+00
2.285396e+03,6.154045e+00
2.286360e+03,6.095899e+00
2.287324e+03,6.410262e+00
2.288289e+03,6.665715e+00
2.289253e+03,6.738826e+00
2.290217e+03,6.593954e+00
2.291181e+03,5.995825e+00
2.292146e+03,5.269002e+00
2.293110e+03,4.736638e+00
2.294074e+03,4.497428e+00
2.295038e+03,5.204435e+00
2.296002e+03,7.208187e+00
2.296967e+03,7.996834e+00
2.297931e+03,6.884432e+00
2.298895e+03,6.019670e+00
2.299859e+03,5.424691e+00
2.300824e+03,5.176937e+00
2.301788e+03,5.378117e+00
2.302752e+03,5.831022e+00
2.303716e+03,6.613802e+00
2.304681e+03,7.308561e+00
2.305645e+03,7.491357e+00
2.306609e+03,7.247217e+00
2.307573e+03,6.651978e+00
2.308538e+03,5.839046e+00
2.309501e+03,6.173747e+00
2.310466e+03,7.951506e+00
2.311430e+03,8.020483e+00
2.312395e+03,6.083097e+00
2.313358e+03,5.177572e+00
2.314323e+03,5.807601e+00
2.315287e+03,6.878524e+00
2.316251e+03,8.083056e+00
2.317215e+03,8.419889e+00
2.318180e+03,7.188900e+00
2.319144e+03,5.766740e+00
2.320108e+03,5.747729e+00
2.321072e+03,6.434863e+00
2.322037e+03,6.180688e+00
2.323001e+03,5.543929e+00
2.323965e+03,6.744499e+00
2.324929e+03,9.172290e+00
2.325894e+03,1.078984e+01
2.326858e+03,1.147487e+01
2.327822e+03,1.153828e+01
2.328786e+03,1.108776e+01
2.329750e+03,1.016034e+01
2.330715e+03,8.784277e+00
2.331679e+03,6.786377e+00
2.332643e+03,4.009521e+00
2.333607e+03,2.146981e+00
2.334572e+03,3.404053e+00
2.335536e+03,5.432495e+00
2.336500e+03,5.489933e+00
2.337464e+03,4.979688e+00
2.338429e+03,5.611914e+00
2.339393e+03,6.593368e+00
2.340357e+03,6.565063e+00
2.341321e+03,6.051904e+00
2.342286e+03,6.451506e+00
2.343250e+03,7.672607e+00
2.344214e+03,8.566927e+00
2.345178e+03,8.759008e+00
2.346143e+03,8.205184e+00
2.347107e+03,6.357259e+00
2.348071e+03,5.310685e+00
2.349035e+03,6.957267e+00
2.350000e+03,8.045524e+00
2.350964e+03,6.181478e+00
2.351928e+03,4.592773e+00
2.352892e+03,5.941610e+00
2.353856e+03,7.790235e+00
2.354821e+03,7.623446e+00
2.355785e+03,6.378280e+00
2.356749e+03,5.905159e+00
2.357713e+03,6.157813e+00
2.358678e+03,5.921313e+00
2.359642e+03,4.708203e+00
2.360606e+03,5.425236e+00
2.361570e+03,9.752425e+00
2.362535e+03,1.139740e+01
2.363499e+03,8.888476e+00
2.364463e+03,7.136507e+00
2.365427e+03,7.698413e+00
2.366392e+03,8.022168e+00
2.367355e+03,6.647127e+00
2.368320e+03,4.997656e+00
2.369284e+03,4.341732e+00
2.370249e+03,4.716252e+00
2.371212e+03,6.371745e+00
2.372177e+03,8.754297e+00
2.373141e+03,9.549691e+00
2.374105e+03,8.911280e+00
2.375069e+03,8.397046e+00
2.376034e+03,8.000065e+00
2.376998e+03,7.031779e+00
2.377962e+03,5.690902e+00
2.378926e+03,5.200277e+00
2.379891e+03,5.684147e+00
2.380855e+03,6.215242e+00
2.381819e+03,6.413281e+00
2.382783e+03,6.761052e+00
2.383748e+03,7.633244e+00
2.384712e+03,8.481348e+00
2.385676e+03,8.629175e+00
2.386640e+03,8.679964e+00
2.387604e+03,9.517220e+00
2.388569e+03,1.033302e+01
2.389533e+03,1.009928e+01
2.390497e+03,9.291414e+00
2.391461e+03,8.362883e+00
2.392426e+03,7.670540e+00
2.393390e+03,7.833683e+00
2.394354e+03,8.560441e+00
2.395318e+03,8.480436e+00
2.396283e+03,7.319840e+00
2.397247e+03,7.118514e+00
2.398211e+03,9.569051e+00
2.399175e+03,1.078131e+01
2.400140e+03,8.780803e+00
2.401104e+03,7.311328e+00
2.402068e+03,8.007504e+00
2.403032e+03,8.726937e+00
2.403997e+03,8.567058e+00
2.404961e+03,7.852303e+00
2.405925e+03,6.609237e+00
2.406889e+03,5.245964e+00
2.407854e+03,4.423266e+00
2.408818e+03,4.298258e+00
2.409782e+03,5.474902e+00
2.410746e+03,7.907104e+00
2.411710e+03,8.632983e+00
2.412675e+03,7.593774e+00
2.413639e+03,7.280778e+00
2.414603e+03,7.972689e+00
2.415567e+03,8.389225e+00
2.416532e+03,8.230948e+00
2.417496e+03,8.207292e+00
2.418460e+03,8.566178e+00
2.419424e+03,8.604232e+00
2.420389e+03,7.873617e+00
2.421353e+03,7.569873e+00
2.422317e+03,9.078256e+00
2.423281e+03,1.108257e+01
2.424246e+03,1.261746e+01
2.425209e+03,1.329123e+01
2.426174e+03,1.199655e+01
2.427138e+03,1.018235e+01
2.428103e+03,9.681665e+00
2.429066e+03,1.001845e+01
2.430031e+03,1.020217e+01
2.430995e+03,1.011610e+01
2.431959e+03,9.891390e+00
2.432923e+03,9.600326e+00
2.433888e+03,9.667692e+00
2.434852e+03,1.040048e+01
2.435816e+03,1.091613e+01
2.436780e+03,1.092465e+01
2.437745e+03,1.075051e+01
2.438709e+03,1.039703e+01
2.439673e+03,1.012944e+01
2.440637e+03,9.819613e+00
2.441602e+03,1.014772e+01
2.442566e+03,1.183088e+01
2.443530e+03,1.336566e+01
2.444494e+03,1.298824e+01
2.445458e+03,1.175089e+01
2.446423e+03,1.198029e+01
2.447387e+03,1.317926e+01
2.448351e+03,1.303398e+01
2.449315e+03,1.186309e+01
2.450280e+03,1.099561e+01
2.451244e+03,1.052105e+01
2.452208e+03,1.109633e+01
2.453172e+03,1.237642e+01
2.454137e+03,1.246513e+01
2.455101e+03,1.132075e+01
2.456065e+03,1.118875e+01
2.457029e+03,1.282330e+01
2.457994e+03,1.402905e+01
2.458958e+03,1.346965e+01
2.459922e+03,1.231248e+01
2.460886e+03,1.064383e+01
2.461851e+03,9.569905e+00
2.462815e+03,1.027758e+01
2.463779e+03,1.127448e+01
2.464743e+03,1.163514e+01
2.465708e+03,1.160697e+01
2.466672e+03,1.135011e+01
2.467636e+03,1.098507e+01
2.468600e+03,1.041558e+01
2.469564e+03,9.982544e+00
2.470529e+03,1.090151e+01
2.471493e+03,1.313389e+01
2.472457e+03,1.367077e+01
2.473421e+03,1.213479e+01
2.474386e+03,1.166065e+01
2.475350e+03,1.240231e+01
2.476314e+03,1.251272e+01
2.477278e+03,1.174098e+01
2.478243e+03,1.127678e+01
2.479207e+03,1.148271e+01
2.480171e+03,1.077374e+01
2.481135e+03,8.296785e+00
2.482100e+03,7.088143e+00
2.483063e+03,1.016032e+01
2.484028e+03,1.384891e+01
2.484992e+03,1.367389e+01
2.485957e+03,1.215714e+01
2.486920e+03,1.138019e+01
2.487885e+03,1.117499e+01
2.488849e+03,1.179509e+01
2.489813e+03,1.253335e+01
2.490777e+03,1.270423e+01
2.491742e+03,1.252969e+01
2.492706e+03,1.220303e+01
2.493670e+03,1.176380e+01
2.494634e+03,1.145670e+01
2.495599e+03,1.131193e+01
2.496563e+03,1.148841e+01
2.497527e+03,1.242125e+01
2.498491e+03,1.268732e+01
2.499456e+03,1.195623e+01
2.500420e+03,1.156963e+01
2.501384e+03,1.177290e+01
2.502348e+03,1.198700e+01
2.503312e+03,1.203193e+01
2.504277e+03,1.213708e+01
2.505241e+03,1.244550e+01
2.506205e+03,1.286198e+01
2.507169e+03,1.334616e+01
2.508134e+03,1.352914e+01
2.509098e+03,1.248285e+01
2.510062e+03,1.113574e+01
2.511026e+03,1.101200e+01
2.511991e+03,1.148558e+01
2.512955e+03,1.200583e+01
2.513919e+03,1.240569e+01
2.514883e+03,1.235468e+01
2.515848e+03,1.200654e+01
2.516812e+03,1.177824e+01
2.517776e+03,1.168279e+01
2.518740e+03,1.133192e+01
2.519705e+03,1.067409e+01
2.520669e+03,1.071328e+01
2.521633e+03,1.198770e+01
2.522597e+03,1.265550e+01
2.523562e+03,1.233865e+01
2.524526e+03,1.251934e+01
2.525490e+03,1.369170e+01
2.526454e+03,1.425289e+01
2.527418e+03,1.360175e+01
2.528383e+03,1.285027e+01
2.529347e+03,1.261010e+01
2.530311e+03,1.254622e+01
2.531275e+03,1.234027e+01
2.532240e+03,1.242708e+01
2.533204e+03,1.367966e+01
2.534168e+03,1.517281e+01
2.535132e+03,1.542848e+01
2.536097e+03,1.506742e+01
2.537061e+03,1.489970e+01
2.538025e+03,1.464966e+01
2.538989e+03,1.385999e+01
2.539954e+03,1.292963e+01
2.540917e+03,1.211772e+01
2.541882e+03,1.160363e+01
2.542846e+03,1.203018e+01
2.543811e+03,1.343350e+01
2.544774e+03,1.460426e+01
2.545739e+03,1.569807e+01
2.546703e+03,1.570200e+01
2.547667e+03,1.421719e+01
2.548631e+03,1.273182e+01
2.549596e+03,1.129614e+01
2.550560e+03,1.174368e+01
2.551524e+03,1.449314e+01
2.552488e+03,1.595120e+01
2.553453e+03,1.463913e+01
2.554417e+03,1.381454e+01
2.555381e+03,1.581198e+01
2.556345e+03,1.802684e+01
2.557310e+03,1.779185e+01
2.558274e+03,1.662912e+01
2.559238e+03,1.566729e+01
2.560202e+03,1.497327e+01
2.561167e+03,1.482837e+01
2.562131e+03,1.486847e+01
2.563095e+03,1.452105e+01
2.564059e+03,1.442482e+01
2.565023e+03,1.600369e+01
2.565988e+03,1.795776e+01
2.566952e+03,1.729937e+01
2.567916e+03,1.488147e+01
2.568880e+03,1.427165e+01
2.569845e+03,1.549301e+01
2.570809e+03,1.563484e+01
2.571773e+03,1.463635e+01
2.572737e+03,1.400508e+01
2.573702e+03,1.384977e+01
2.574666e+03,1.428356e+01
2.575630e+03,1.515828e+01
2.576594e+03,1.566948e+01
2.577559e+03,1.553172e+01
2.578523e+03,1.445126e+01
2.579487e+03,1.240360e+01
2.580451e+03,1.127366e+01
2.581416e+03,1.247059e+01
2.582380e+03,1.420627e+01
2.583344e+03,1.657257e+01
2.584308e+03,1.750369e+01
2.585272e+03,1.411783e+01
2.586237e+03,1.150383e+01
2.587201e+03,1.331625e+01
2.588165e+03,1.561947e+01
2.589129e+03,1.623105e+01
2.590094e+03,1.579119e+01
2.591058e+03,1.472212e+01
2.592022e+03,1.380111e+01
2.592986e+03,1.475572e+01
2.593951e+03,1.663141e+01
2.594915e+03,1.604117e+01
2.595879e+03,1.413721e+01
2.596843e+03,1.436619e+01
2.597808e+03,1.586999e+01
2.598771e+03,1.676714e+01
2.599736e+03,1.690601e+01
2.600700e+03,1.608077e+01
2.601665e+03,1.501709e+01
2.602628e+03,1.586579e+01
2.603593e+03,1.853293e+01
2.604557e+03,1.931043e+01
2.605521e+03,1.673327e+01
2.606485e+03,1.610000e+01
2.607450e+03,1.947314e+01
2.608414e+03,2.049186e+01
2.609378e+03,1.805692e+01
2.610342e+03,1.662462e+01
2.611307e+03,1.718212e+01
2.612271e+03,1.769903e+01
2.613235e+03,1.742445e+01
2.614199e+03,1.736881e+01
2.615164e+03,1.813529e+01
2.616128e+03,1.893616e+01
2.617092e+03,1.913747e+01
2.618056e+03,1.853274e+01
2.619021e+03,1.565801e+01
2.619985e+03,1.373456e+01
2.620949e+03,1.662371e+01
2.621913e+03,1.986764e+01
2.622877e+03,2.003157e+01
2.623842e+03,1.898248e+01
2.624806e+03,1.782091e+01
2.625770e+03,1.740291e+01
2.626734e+03,1.900627e+01
2.627699e+03,2.129454e+01
2.628663e+03,2.145787e+01
2.629627e+03,2.008056e+01
2.630591e+03,1.975764e+01
2.631556e+03,2.033270e+01
2.632520e+03,2.134351e+01
2.633484e+03,2.230325e+01
2.634448e+03,2.091791e+01
2.635413e+03,1.835455e+01
2.636377e+03,1.826555e+01
2.637341e+03,2.042312e+01
2.638305e+03,2.268900e+01
2.639270e+03,2.429754e+01
2.640234e+03,2.417245e+01
2.641198e+03,2.157453e+01
2.642162e+03,2.047024e+01
2.643126e+03,2.297607e+01
2.644091e+03,2.378691e+01
2.645055e+03,2.184139e+01
2.646019e+03,2.153695e+01
2.646983e+03,2.396997e+01
2.647948e+03,2.484961e+01
2.648912e+03,2.281334e+01
2.649876e+03,2.113073e+01
2.650840e+03,2.149855e+01
2.651805e+03,2.259703e+01
2.652769e+03,2.353482e+01
2.653733e+03,2.444494e+01
2.654697e+03,2.575028e+01
2.655662e+03,2.663259e+01
2.656625e+03,2.610204e+01
2.657590e+03,2.528144e+01
2.658554e+03,2.454942e+01
2.659519e+03,2.446375e+01
2.660482e+03,2.582730e+01
2.661447e+03,2.732890e+01
2.662411e+03,2.765302e+01
2.663375e+03,2.755260e+01
2.664339e+03,2.834944e+01
2.665304e+03,2.955530e+01
2.666268e+03,2.940316e+01
2.667232e+03,2.877065e+01
2.668196e+03,3.099295e+01
2.669161e+03,3.410771e+01
2.670125e+03,3.375011e+01
2.671089e+03,3.160561e+01
2.672053e+03,3.089814e+01
2.673018e+03,3.149458e+01
2.673982e+03,3.220685e+01
2.674946e+03,3.283849e+01
2.675910e+03,3.371559e+01
2.676875e+03,3.487289e+01
2.677839e+03,3.438024e+01
2.678803e+03,3.166750e+01
2.679767e+03,3.119344e+01
2.680731e+03,3.297224e+01
2.681696e+03,3.463148e+01
2.682660e+03,3.584243e+01
2.683624e+03,3.724511e+01
2.684588e+03,3.881590e+01
2.685553e+03,3.890727e+01
2.686517e+03,3.730672e+01
2.687481e+03,3.696513e+01
2.688445e+03,3.930055e+01
2.689410e+03,4.131873e+01
2.690374e+03,4.214766e+01
2.691338e+03,4.224983e+01
2.692302e+03,4.101538e+01
2.693267e+03,4.006442e+01
2.694231e+03,3.954931e+01
2.695195e+03,3.974006e+01
2.696159e+03,4.093379e+01
2.697124e+03,4.160361e+01
2.698088e+03,4.079542e+01
2.699052e+03,3.985420e+01
2.700016e+03,4.003921e+01
2.700980e+03,4.036944e+01
2.701945e+03,3.932264e+01
2.702909e+03,3.848922e+01
2.703873e+03,3.997893e+01
2.704837e+03,4.127118e+01
2.705802e+03,4.003368e+01
2.706766e+03,3.841008e+01
2.707730e+03,3.794440e+01
2.708694e+03,3.805654e+01
2.709659e+03,3.835329e+01
2.710623e+03,3.882372e+01
2.711587e+03,3.953896e+01
2.712551e+03,4.019212e+01
2.713516e+03,3.962977e+01
2.714479e+03,3.846797e+01
2.715444e+03,3.847808e+01
2.716408e+03,3.894420e+01
2.717373e+03,3.904724e+01
2.718336e+03,3.853251e+01
2.719301e+03,3.635219e+01
2.720265e+03,3.377166e+01
2.721229e+03,3.340860e+01
2.722193e+03,3.476712e+01
2.723158e+03,3.544423e+01
2.724122e+03,3.530182e+01
2.725086e+03,3.338466e+01
2.726050e+03,2.967822e+01
2.727015e+03,2.865710e+01
2.727979e+03,2.995826e+01
2.728943e+03,3.174361e+01
2.729907e+03,3.345702e+01
2.730872e+03,3.394371e+01
2.731836e+03,3.348647e+01
2.732800e+03,3.330548e+01
2.733764e+03,3.351571e+01
2.734729e+03,3.351955e+01
2.735693e+03,3.328654e+01
2.736657e+03,3.319298e+01
2.737621e+03,3.331731e+01
2.738585e+03,3.313703e+01
2.739550e+03,3.244318e+01
2.740514e+03,3.277451e+01
2.741478e+03,3.430910e+01
2.742442e+03,3.522368e+01
2.743407e+03,3.506160e+01
2.744371e+03,3.428823e+01
2.745335e+03,3.335682e+01
2.746299e+03,3.371002e+01
2.747264e+03,3.623449e+01
2.748228e+03,3.768770e+01
2.749192e+03,3.535525e+01
2.750156e+03,3.379519e+01
2.751121e+03,3.452025e+01
2.752085e+03,3.469703e+01
2.753049e+03,3.373558e+01
2.754013e+03,3.314933e+01
2.754978e+03,3.342629e+01
2.755942e+03,3.338717e+01
2.756906e+03,3.244688e+01
2.757870e+03,3.174251e+01
2.758834e+03,3.220372e+01
2.759799e+03,3.251312e+01
2.760763e+03,3.101927e+01
2.761727e+03,2.989371e+01
2.762691e+03,3.081521e+01
2.763656e+03,3.149897e+01
2.764620e+03,3.049018e+01
2.765584e+03,2.987132e+01
2.766548e+03,3.072221e+01
2.767513e+03,3.154050e+01
2.768477e+03,3.123441e+01
2.769441e+03,3.052898e+01
2.770405e+03,3.017874e+01
2.771370e+03,3.008075e+01
2.772333e+03,2.981320e+01
2.773298e+03,3.002881e+01
2.774262e+03,3.236092e+01
2.775227e+03,3.427689e+01
2.776190e+03,3.352191e+01
2.777155e+03,3.181172e+01
2.778119e+03,2.981349e+01
2.779083e+03,2.850709e+01
2.780047e+03,2.882674e+01
2.781012e+03,3.029215e+01
2.781976e+03,3.229925e+01
2.782940e+03,3.422477e+01
2.783904e+03,3.483004e+01
2.784869e+03,3.466454e+01
2.785833e+03,3.413287e+01
2.786797e+03,3.396696e+01
2.787761e+03,3.579506e+01
2.788726e+03,3.752378e+01
2.789690e+03,3.609948e+01
2.790654e+03,3.390955e+01
2.791618e+03,3.426064e+01
2.792583e+03,3.601729e+01
2.793547e+03,3.720173e+01
2.794511e+03,3.786727e+01
2.795475e+03,3.813757e+01
2.796439e+03,3.833599e+01
2.797404e+03,3.991541e+01
2.798368e+03,4.174065e+01
2.799332e+03,4.147160e+01
2.800296e+03,4.023832e+01
2.801261e+03,3.945172e+01
2.802225e+03,3.938462e+01
2.803189e+03,4.051313e+01
2.804153e+03,4.239554e+01
2.805118e+03,4.405449e+01
2.806082e+03,4.532650e+01
2.807046e+03,4.529045e+01
2.808010e+03,4.438300e+01
2.808975e+03,4.503719e+01
2.809939e+03,4.688701e+01
2.810903e+03,4.964614e+01
2.811867e+03,5.218593e+01
2.812832e+03,5.198113e+01
2.813796e+03,5.048809e+01
2.814760e+03,5.092240e+01
2.815724e+03,5.336673e+01
2.816688e+03,5.670593e+01
2.817653e+03,6.054152e+01
2.818617e+03,6.156317e+01
2.819581e+03,6.016877e+01
2.820545e+03,6.124933e+01
2.821510e+03,6.428271e+01
2.822474e+03,6.765705e+01
2.823438e+03,7.092583e+01
2.824402e+03,7.332312e+01
2.825367e+03,7.529881e+01
2.826331e+03,7.805424e+01
2.827295e+03,8.156831e+01
2.828259e+03,8.477929e+01
2.829224e+03,8.780342e+01
2.830188e+03,9.269544e+01
2.831152e+03,9.941108e+01
2.832116e+03,1.075503e+02
2.833081e+03,1.166974e+02
2.834044e+03,1.246263e+02
2.835009e+03,1.320362e+02
2.835973e+03,1.413806e+02
2.836938e+03,1.520576e+02
2.837901e+03,1.617713e+02
2.838866e+03,1.703080e+02
2.839830e+03,1.785726e+02
2.840794e+03,1.867289e+02
2.841758e+03,1.950299e+02
2.842723e+03,2.035959e+02
2.843687e+03,2.098608e+02
2.844651e+03,2.132622e+02
2.845615e+03,2.114884e+02
2.846580e+03,2.055129e+02
2.847544e+03,1.981111e+02
2.848508e+03,1.899569e+02
2.849472e+03,1.806205e+02
2.850437e+03,1.702962e+02
2.851401e+03,1.606949e+02
2.852365e+03,1.519482e+02
2.853329e+03,1.446120e+02
2.854293e+03,1.387364e+02
2.855258e+03,1.324974e+02
2.856222e+03,1.260575e+02
2.857186e+03,1.202140e+02
2.858150e+03,1.149866e+02
2.859115e+03,1.106569e+02
2.860079e+03,1.068735e+02
2.861043e+03,1.020702e+02
2.862007e+03,9.657536e+01
2.862972e+03,9.411169e+01
2.863936e+03,9.486819e+01
2.864900e+03,9.570843e+01
2.865864e+03,9.668381e+01
2.866829e+03,9.516114e+01
2.867793e+03,9.180149e+01
2.868757e+03,9.071021e+01
2.869721e+03,9.112582e+01
2.870686e+03,8.898534e+01
2.871650e+03,8.533348e+01
2.872614e+03,8.543681e+01
2.873578e+03,8.936575e+01
2.874542e+03,9.044324e+01
2.875507e+03,8.830454e+01
2.876471e+03,8.745725e+01
2.877435e+03,8.795421e+01
2.878399e+03,8.920156e+01
2.879364e+03,9.090950e+01
2.880328e+03,9.215821e+01
2.881292e+03,9.292791e+01
2.882256e+03,9.356152e+01
2.883221e+03,9.429068e+01
2.884185e+03,9.525711e+01
2.885149e+03,9.637511e+01
2.886113e+03,9.734998e+01
2.887078e+03,9.810725e+01
2.888042e+03,9.923360e+01
2.889006e+03,1.008516e+02
2.889970e+03,1.033676e+02
2.890935e+03,1.065055e+02
2.891898e+03,1.097815e+02
2.892863e+03,1.125466e+02
2.893827e+03,1.128895e+02
2.894792e+03,1.119146e+02
2.895755e+03,1.133477e+02
2.896720e+03,1.170605e+02
2.897684e+03,1.203496e+02
2.898648e+03,1.232083e+02
2.899612e+03,1.259083e+02
2.900577e+03,1.286445e+02
2.901541e+03,1.326067e+02
2.902505e+03,1.371969e+02
2.903469e+03,1.406159e+02
2.904434e+03,1.434377e+02
2.905398e+03,1.471807e+02
2.906362e+03,1.516458e+02
2.907326e+03,1.557339e+02
2.908291e+03,1.597722e+02
2.909255e+03,1.647811e+02
2.910219e+03,1.708825e+02
2.911183e+03,1.790696e+02
2.912147e+03,1.877672e+02
2.913112e+03,1.921446e+02
2.914076e+03,1.947851e+02
2.915040e+03,2.006186e+02
2.916004e+03,2.079746e+02
2.916969e+03,2.140062e+02
2.917933e+03,2.185051e+02
2.918897e+03,2.215604e+02
2.919861e+03,2.237277e+02
2.920826e+03,2.263427e+02
2.921790e+03,2.295104e+02
2.922754e+03,2.336277e+02
2.923718e+03,2.382298e+02
2.924683e+03,2.425058e+02
2.925647e+03,2.471394e+02
2.926611e+03,2.536291e+02
2.927575e+03,2.600668e+02
2.928540e+03,2.645067e+02
2.929504e+03,2.669124e+02
2.930468e+03,2.671780e+02
2.931432e+03,2.671301e+02
2.932396e+03,2.696832e+02
2.933361e+03,2.735314e+02
2.934325e+03,2.776273e+02
2.935289e+03,2.805118e+02
2.936253e+03,2.789094e+02
2.937218e+03,2.781720e+02
2.938182e+03,2.838268e+02
2.939146e+03,2.902331e+02
2.940110e+03,2.938627e+02
2.941075e+03,2.963427e+02
2.942039e+03,2.992434e+02
2.943003e+03,3.027350e+02
2.943967e+03,3.065292e+02
2.944932e+03,3.116365e+02
2.945896e+03,3.202160e+02
2.946860e+03,3.285500e+02
2.947824e+03,3.352101e+02
2.948789e+03,3.399652e+02
2.949752e+03,3.424917e+02
2.950717e+03,3.447009e+02
2.951681e+03,3.475254e+02
2.952646e+03,3.479599e+02
2.953609e+03,3.439001e+02
2.954574e+03,3.382380e+02
2.955538e+03,3.337874e+02
2.956502e+03,3.272173e+02
2.957466e+03,3.150849e+02
2.958431e+03,3.025067e+02
2.959395e+03,2.910277e+02
2.960359e+03,2.798114e+02
2.961323e+03,2.685376e+02
2.962288e+03,2.579897e+02
2.963252e+03,2.484443e+02
2.964216e+03,2.392327e+02
2.965180e+03,2.297384e+02
2.966145e+03,2.220047e+02
2.967109e+03,2.191363e+02
2.968073e+03,2.136849e+02
2.969037e+03,2.040586e+02
2.970001e+03,1.971876e+02
2.970966e+03,1.938727e+02
2.971930e+03,1.908131e+02
2.972894e+03,1.874471e+02
2.973858e+03,1.861428e+02
2.974823e+03,1.869356e+02
2.975787e+03,1.859708e+02
2.976751e+03,1.821187e+02
2.977715e+03,1.775603e+02
2.978680e+03,1.717491e+02
2.979644e+03,1.698466e+02
2.980608e+03,1.715095e+02
2.981572e+03,1.732829e+02
2.982537e+03,1.743774e+02
2.983501e+03,1.734582e+02
2.984465e+03,1.712709e+02
2.985429e+03,1.697027e+02
2.986394e+03,1.691026e+02
2.987358e+03,1.700612e+02
2.988322e+03,1.721854e+02
2.989286e+03,1.706094e+02
2.990250e+03,1.662142e+02
2.991215e+03,1.659682e+02
2.992179e+03,1.681565e+02
2.993143e+03,1.694763e+02
2.994107e+03,1.694070e+02
2.995072e+03,1.670424e+02
2.996036e+03,1.638678e+02
2.997000e+03,1.621639e+02
2.997964e+03,1.612078e+02
2.998929e+03,1.597795e+02
2.999893e+03,1.581611e+02
3.000857e+03,1.576695e+02
3.001821e+03,1.577652e+02
3.002786e+03,1.566055e+02
3.003750e+03,1.555066e+02
3.004714e+03,1.578323e+02
3.005678e+03,1.582242e+02
3.006643e+03,1.514130e+02
3.007606e+03,1.444978e+02
3.008571e+03,1.438181e+02
3.009535e+03,1.442875e+02
3.010500e+03,1.394353e+02
3.011463e+03,1.344027e+02
3.012428e+03,1.359828e+02
3.013392e+03,1.371902e+02
3.014356e+03,1.333189e+02
3.015320e+03,1.292489e+02
3.016285e+03,1.263695e+02
3.017249e+03,1.244352e+02
3.018213e+03,1.233133e+02
3.019177e+03,1.227896e+02
3.020142e+03,1.227505e+02
3.021106e+03,1.223565e+02
3.022070e+03,1.207167e+02
3.023034e+03,1.195054e+02
3.023999e+03,1.207207e+02
3.024963e+03,1.197222e+02
3.025927e+03,1.155976e+02
3.026891e+03,1.138213e+02
3.027855e+03,1.147949e+02
3.028820e+03,1.135307e+02
3.029784e+03,1.098445e+02
3.030748e+03,1.097474e+02
3.031712e+03,1.147532e+02
3.032677e+03,1.175468e+02
3.033641e+03,1.169994e+02
3.034605e+03,1.162316e+02
3.035569e+03,1.152670e+02
3.036534e+03,1.135658e+02
3.037498e+03,1.117523e+02
3.038462e+03,1.125680e+02
3.039426e+03,1.148798e+02
3.040391e+03,1.157189e+02
3.041355e+03,1.151442e+02
3.042319e+03,1.142132e+02
3.043283e+03,1.132075e+02
3.044248e+03,1.131509e+02
3.045212e+03,1.138441e+02
3.046176e+03,1.151853e+02
3.047140e+03,1.163336e+02
3.048104e+03,1.153907e+02
3.049069e+03,1.140607e+02
3.050033e+03,1.137802e+02
3.050997e+03,1.149877e+02
3.051961e+03,1.184105e+02
3.052926e+03,1.214928e+02
3.053890e+03,1.213515e+02
3.054854e+03,1.200044e+02
3.055818e+03,1.200280e+02
3.056783e+03,1.202298e+02
3.057747e+03,1.192451e+02
3.058711e+03,1.186851e+02
3.059675e+03,1.192424e+02
3.060640e+03,1.205369e+02
3.061604e+03,1.225224e+02
3.062568e+03,1.234848e+02
3.063532e+03,1.227829e+02
3.064497e+03,1.228995e+02
3.065460e+03,1.254099e+02
3.066425e+03,1.272324e+02
3.067389e+03,1.258199e+02
3.068354e+03,1.261128e+02
3.069317e+03,1.285926e+02
3.070282e+03,1.311514e+02
3.071246e+03,1.332680e+02
3.072210e+03,1.330094e+02
3.073174e+03,1.309119e+02
3.074139e+03,1.295209e+02
3.075103e+03,1.295845e+02
3.076067e+03,1.320134e+02
3.077031e+03,1.363316e+02
3.077996e+03,1.374735e+02
3.078960e+03,1.360094e+02
3.079924e+03,1.364804e+02
3.080888e+03,1.381077e+02
3.081853e+03,1.396223e+02
3.082817e+03,1.402552e+02
3.083781e+03,1.378318e+02
3.084745e+03,1.353474e+02
3.085709e+03,1.371746e+02
3.086674e+03,1.405942e+02
3.087638e+03,1.410998e+02
3.088602e+03,1.408088e+02
3.089566e+03,1.438427e+02
3.090531e+03,1.471126e+02
3.091495e+03,1.480599e+02
3.092459e+03,1.476188e+02
3.093423e+03,1.454867e+02
3.094388e+03,1.446783e+02
3.095352e+03,1.464990e+02
3.096316e+03,1.484621e+02
3.097280e+03,1.491463e+02
3.098245e+03,1.498986e+02
3.099209e+03,1.516382e+02
3.100173e+03,1.531446e+02
3.101137e+03,1.544876e+02
3.102102e+03,1.543631e+02
3.103066e+03,1.523610e+02
3.104030e+03,1.538394e+02
3.104994e+03,1.585601e+02
3.105958e+03,1.603721e+02
3.106923e+03,1.589539e+02
3.107887e+03,1.594494e+02
3.108851e+03,1.627377e+02
3.109815e+03,1.642834e+02
3.110780e+03,1.639645e+02
3.111744e+03,1.640779e+02
3.112708e+03,1.645881e+02
3.113672e+03,1.659813e+02
3.114637e+03,1.676276e+02
3.115601e+03,1.680060e+02
3.116565e+03,1.679539e+02
3.117529e+03,1.684843e+02
3.118494e+03,1.700335e+02
3.119458e+03,1.735583e+02
3.120422e+03,1.774722e+02
3.121386e+03,1.785752e+02
3.122351e+03,1.785341e+02
3.123314e+03,1.788181e+02
3.124279e+03,1.798251e+02
3.125243e+03,1.831352e+02
3.126208e+03,1.853001e+02
3.127171e+03,1.846514e+02
3.128136e+03,1.854031e+02
3.129100e+03,1.894721e+02
3.130064e+03,1.925885e+02
3.131028e+03,1.922401e+02
3.131993e+03,1.925258e+02
3.132957e+03,1.960406e+02
3.133921e+03,1.976720e+02
3.134885e+03,1.973014e+02
3.135850e+03,1.972199e+02
3.136814e+03,1.978113e+02
3.137778e+03,1.998623e+02
3.138742e+03,2.028330e+02
3.139707e+03,2.052294e+02
3.140671e+03,2.069383e+02
3.141635e+03,2.086579e+02
3.142599e+03,2.103164e+02
3.143563e+03,2.117312e+02
3.144528e+03,2.129157e+02
3.145492e+03,2.134124e+02
3.146456e+03,2.134916e+02
3.147420e+03,2.127254e+02
3.148385e+03,2.126537e+02
3.149349e+03,2.147917e+02
3.150313e+03,2.182725e+02
3.151277e+03,2.226465e+02
3.152242e+03,2.259389e+02
3.153206e+03,2.258644e+02
3.154170e+03,2.254685e+02
3.155134e+03,2.279571e+02
3.156099e+03,2.292684e+02
3.157063e+03,2.274248e+02
3.158027e+03,2.273260e+02
3.158991e+03,2.296822e+02
3.159956e+03,2.329339e+02
3.160920e+03,2.363669e+02
3.161884e+03,2.383710e+02
3.162848e+03,2.384405e+02
3.163812e+03,2.376110e+02
3.164777e+03,2.360144e+02
3.165741e+03,2.383169e+02
3.166705e+03,2.438811e+02
3.167669e+03,2.472288e+02
3.168634e+03,2.491232e+02
3.169598e+03,2.524394e+02
3.170562e+03,2.561195e+02
3.171526e+03,2.580340e+02
3.172491e+03,2.584521e+02
3.173455e+03,2.573371e+02
3.174419e+03,2.563329e+02
3.175383e+03,2.588991e+02
3.176348e+03,2.615369e+02
3.177312e+03,2.582365e+02
3.178276e+03,2.560682e+02
3.179240e+03,2.646831e+02
3.180205e+03,2.615085e+02
3.181168e+03,2.391796e+02
3.182133e+03,2.322915e+02
3.183097e+03,2.516153e+02
3.184062e+03,2.685677e+02
3.185025e+03,2.706205e+02
3.185990e+03,2.722925e+02
3.186954e+03,2.783842e+02
3.187918e+03,2.786126e+02
3.188882e+03,2.735182e+02
3.189847e+03,2.764759e+02
3.190811e+03,2.841307e+02
3.191775e+03,2.848048e+02
3.192739e+03,2.809318e+02
3.193704e+03,2.794362e+02
3.194668e+03,2.803396e+02
3.195632e+03,2.833965e+02
3.196596e+03,2.872090e+02
3.197561e+03,2.888812e+02
3.198525e+03,2.889125e+02
3.199489e+03,2.861762e+02
3.200453e+03,2.846209e+02
3.201417e+03,2.880415e+02
3.202382e+03,2.915637e+02
3.203346e+03,2.934757e+02
3.204310e+03,2.942745e+02
3.205274e+03,2.944600e+02
3.206239e+03,2.963741e+02
3.207203e+03,3.016815e+02
3.208167e+03,3.038500e+02
3.209131e+03,3.009015e+02
3.210096e+03,2.979441e+02
3.211060e+03,2.956844e+02
3.212024e+03,2.976019e+02
3.212988e+03,3.023048e+02
3.213953e+03,3.070180e+02
3.214917e+03,3.100029e+02
3.215881e+03,3.076460e+02
3.216845e+03,3.030024e+02
3.217810e+03,3.015556e+02
3.218774e+03,3.026367e+02
3.219738e+03,3.073722e+02
3.220702e+03,3.113020e+02
3.221667e+03,3.079041e+02
3.222631e+03,3.046432e+02
3.223595e+03,3.046244e+02
3.224559e+03,3.082377e+02
3.225523e+03,3.156181e+02
3.226488e+03,3.187837e+02
3.227452e+03,3.136817e+02
3.228416e+03,3.109850e+02
3.229380e+03,3.174308e+02
3.230345e+03,3.202433e+02
3.231309e+03,3.183256e+02
3.232273e+03,3.168333e+02
3.233237e+03,3.160922e+02
3.234202e+03,3.161495e+02
3.235166e+03,3.165534e+02
3.236130e+03,3.162153e+02
3.237094e+03,3.156922e+02
3.238059e+03,3.160551e+02
3.239022e+03,3.174943e+02
3.239987e+03,3.218983e+02
3.240951e+03,3.258480e+02
3.241916e+03,3.219902e+02
3.242879e+03,3.176234e+02
3.243844e+03,3.187831e+02
3.244808e+03,3.199642e+02
3.245772e+03,3.195815e+02
3.246736e+03,3.184609e+02
3.247701e+03,3.171659e+02
3.248665e+03,3.178606e+02
3.249629e+03,3.218083e+02
3.250593e+03,3.230482e+02
3.251558e+03,3.197567e+02
3.252522e+03,3.184419e+02
3.253486e+03,3.190497e+02
3.254450e+03,3.223368e+02
3.255415e+03,3.257507e+02
3.256379e+03,3.223481e+02
3.257343e+03,3.161118e+02
3.258307e+03,3.152187e+02
3.259271e+03,3.169095e+02
3.260236e+03,3.168503e+02
3.261200e+03,3.168200e+02
3.262164e+03,3.199492e+02
3.263128e+03,3.241991e+02
3.264093e+03,3.301212e+02
3.265057e+03,3.317377e+02
3.266021e+03,3.269493e+02
3.266985e+03,3.236571e+02
3.267950e+03,3.241426e+02
3.268914e+03,3.245402e+02
3.269878e+03,3.234810e+02
3.270842e+03,3.235956e+02
3.271807e+03,3.255883e+02
3.272771e+03,3.240632e+02
3.273735e+03,3.199784e+02
3.274699e+03,3.209761e+02
3.275664e+03,3.249169e+02
3.276628e+03,3.271319e+02
3.277592e+03,3.277205e+02
3.278556e+03,3.271774e+02
3.279521e+03,3.269026e+02
3.280485e+03,3.284374e+02
3.281449e+03,3.294843e+02
3.282413e+03,3.267516e+02
3.283377e+03,3.242846e+02
3.284342e+03,3.244984e+02
3.285306e+03,3.262549e+02
3.286270e+03,3.295489e+02
3.287234e+03,3.300275e+02
3.288199e+03,3.275820e+02
3.289163e+03,3.266459e+02
3.290127e+03,3.279508e+02
3.291091e+03,3.287068e+02
3.292056e+03,3.286290e+02
3.293020e+03,3.288942e+02
3.293984e+03,3.289581e+02
3.294948e+03,3.255760e+02
3.295913e+03,3.223624e+02
3.296876e+03,3.255847e+02
3.297841e+03,3.299478e+02
3.298805e+03,3.311328e+02
3.299770e+03,3.313530e+02
3.300733e+03,3.320550e+02
3.301698e+03,3.317670e+02
3.302662e+03,3.291265e+02
3.303626e+03,3.278091e+02
3.304590e+03,3.304466e+02
3.305555e+03,3.320620e+02
3.306519e+03,3.325716e+02
3.307483e+03,3.305969e+02
3.308447e+03,3.274912e+02
3.309412e+03,3.276271e+02
3.310376e+03,3.304433e+02
3.311340e+03,3.333525e+02
3.312304e+03,3.350150e+02
3.313269e+03,3.329227e+02
3.314233e+03,3.300287e+02
3.315197e+03,3.331030e+02
3.316161e+03,3.358428e+02
3.317125e+03,3.305479e+02
3.318090e+03,3.279691e+02
3.319054e+03,3.317602e+02
3.320018e+03,3.353737e+02
3.320982e+03,3.365540e+02
3.321947e+03,3.370931e+02
3.322911e+03,3.375770e+02
3.323875e+03,3.368175e+02
3.324839e+03,3.348105e+02
3.325804e+03,3.347091e+02
3.326768e+03,3.361124e+02
3.327732e+03,3.371048e+02
3.328696e+03,3.374760e+02
3.329661e+03,3.372379e+02
3.330625e+03,3.375139e+02
3.331589e+03,3.393444e+02
3.332553e+03,3.411661e+02
3.333518e+03,3.412856e+02
3.334482e+03,3.420150e+02
3.335446e+03,3.470353e+02
3.336410e+03,3.498953e+02
3.337375e+03,3.485236e+02
3.338339e+03,3.462701e+02
3.339303e+03,3.438861e+02
3.340267e+03,3.438712e+02
3.341231e+03,3.454158e+02
3.342196e+03,3.441964e+02
3.343160e+03,3.412880e+02
3.344124e+03,3.422238e+02
3.345088e+03,3.454472e+02
3.346053e+03,3.460882e+02
3.347017e+03,3.461764e+02
3.347981e+03,3.504068e+02
3.348945e+03,3.524120e+02
3.349910e+03,3.475363e+02
3.350874e+03,3.452047e+02
3.351838e+03,3.481846e+02
3.352802e+03,3.511304e+02
3.353767e+03,3.516761e+02
3.354730e+03,3.517987e+02
3.355695e+03,3.524300e+02
3.356659e+03,3.523105e+02
3.357624e+03,3.515340e+02
3.358587e+03,3.510568e+02
3.359552e+03,3.510329e+02
3.360516e+03,3.521653e+02
3.361480e+03,3.533975e+02
3.362444e+03,3.531136e+02
3.363409e+03,3.533356e+02
3.364373e+03,3.559893e+02
3.365337e+03,3.585594e+02
3.366301e+03,3.583051e+02
3.367266e+03,3.588363e+02
3.368230e+03,3.626669e+02
3.369194e+03,3.633536e+02
3.370158e+03,3.605142e+02
3.371123e+03,3.568935e+02
